Student_ID,Attendance,Internal_Marks,Previous_CGPA,Assignment_Score,Assignment_Submission,Study_Hours,Backlogs,Sleep_Hours,Previous_Failures,Risk_Category,Risk_Label
STU0001,58.3,68.0,4.04,60.2,54.0,1.3,0,8.4,0,1,Medium Risk
STU0002,54.2,27.6,4.08,84.6,80.5,1.4,1,6.5,0,1,Medium Risk
STU0003,65.5,54.8,3.36,63.4,90.7,4.7,0,7.0,1,1,Medium Risk
STU0004,65.6,69.4,4.33,34.6,85.3,5.1,5,7.5,3,2,High Risk
STU0005,59.3,54.0,7.3,62.4,22.8,5.1,0,4.8,2,1,Medium Risk
STU0006,47.9,67.8,5.55,54.4,76.2,3.7,1,8.9,0,2,High Risk
STU0007,67.4,45.7,4.87,73.7,77.5,4.6,0,3.3,4,1,Medium Risk
STU0008,91.6,46.6,6.42,40.8,86.9,4.3,5,5.4,0,1,Medium Risk
STU0009,77.7,91.4,5.27,51.0,85.5,3.2,3,8.0,0,0,Low Risk
STU0010,77.2,68.1,8.12,31.8,80.0,3.9,0,4.9,0,1,Medium Risk
STU0011,100.0,81.5,5.79,17.7,93.4,3.3,3,6.1,3,1,Medium Risk
STU0012,71.5,81.2,4.94,49.7,78.0,4.1,0,7.3,3,1,Medium Risk
STU0013,64.6,82.8,5.31,86.0,63.9,4.0,1,6.9,0,0,Low Risk
STU0014,72.9,64.0,8.81,54.6,100.0,2.7,0,8.3,0,0,Low Risk
STU0015,79.4,62.4,7.46,73.1,100.0,2.5,5,7.5,0,1,Medium Risk
STU0016,83.0,85.4,2.02,48.1,72.5,1.0,0,10.3,0,2,High Risk
STU0017,4.5,40.5,6.03,55.7,86.7,5.5,4,6.4,0,2,High Risk
STU0018,69.6,71.8,8.35,65.5,40.1,2.3,0,5.5,0,1,Medium Risk
STU0019,50.3,30.5,7.82,27.4,71.1,2.3,1,6.4,0,2,High Risk
STU0020,85.8,89.0,5.93,57.5,67.5,1.0,1,9.4,0,0,Low Risk
STU0021,61.6,41.1,6.78,42.6,97.1,1.8,0,9.4,0,1,Medium Risk
STU0022,70.1,82.4,2.7,28.1,92.9,3.3,0,5.8,0,1,Medium Risk
STU0023,50.6,60.3,8.27,79.7,92.6,1.2,2,6.9,0,1,Medium Risk
STU0024,46.0,68.2,5.27,12.5,98.2,2.3,0,8.2,0,1,Medium Risk
STU0025,48.1,71.8,8.78,60.2,88.5,5.6,3,7.0,0,1,Medium Risk
STU0026,39.1,84.6,9.58,76.7,35.0,2.1,0,5.5,0,1,Medium Risk
STU0027,62.0,66.3,7.69,60.5,100.0,3.1,0,7.1,0,1,Medium Risk
STU0028,77.0,53.3,6.41,80.5,96.0,3.1,1,5.1,3,1,Medium Risk
STU0029,79.9,41.9,6.15,64.5,82.5,3.8,1,4.1,0,1,Medium Risk
STU0030,42.1,73.7,5.97,69.1,77.2,1.2,1,7.7,0,1,Medium Risk
STU0031,96.2,62.4,3.61,73.2,95.6,5.7,0,8.4,0,0,Low Risk
STU0032,66.5,22.0,4.48,27.9,97.6,1.7,2,9.0,0,2,High Risk
STU0033,39.4,54.0,7.77,46.2,14.5,5.6,1,5.9,0,1,Medium Risk
STU0034,78.5,60.0,7.64,78.2,49.2,4.9,0,6.7,1,1,Medium Risk
STU0035,38.0,72.5,7.24,65.4,78.0,2.7,2,5.6,0,1,Medium Risk
STU0036,86.7,44.9,4.41,67.4,91.7,0.5,1,7.0,0,1,Medium Risk
STU0037,82.9,38.1,6.02,40.0,60.9,2.9,2,5.4,0,1,Medium Risk
STU0038,68.4,53.0,4.12,74.7,95.8,2.1,4,10.1,0,1,Medium Risk
STU0039,67.7,76.3,7.72,29.1,15.6,6.1,3,6.0,0,1,Medium Risk
STU0040,93.8,31.1,6.44,57.0,80.6,1.5,1,8.2,0,0,Low Risk
STU0041,55.6,45.7,4.39,60.1,29.4,4.5,1,5.9,0,2,High Risk
STU0042,67.9,79.8,6.3,91.0,90.8,1.2,3,8.5,1,1,Medium Risk
STU0043,64.5,66.8,3.17,79.1,92.2,2.5,0,8.1,1,1,Medium Risk
STU0044,87.7,81.1,5.88,85.5,56.8,1.7,1,8.6,0,0,Low Risk
STU0045,58.7,68.6,8.99,82.1,71.1,2.4,3,6.0,2,1,Medium Risk
STU0046,94.1,24.2,7.13,71.0,87.1,0.8,2,5.6,0,1,Medium Risk
STU0047,78.4,24.8,7.16,52.8,71.9,0.9,0,6.0,3,2,High Risk
STU0048,79.6,74.8,6.19,46.5,49.8,2.1,1,7.1,1,1,Medium Risk
STU0049,40.4,63.0,3.6,44.9,94.8,3.0,0,6.9,0,1,Medium Risk
STU0050,62.9,87.8,3.31,69.3,79.5,1.2,0,6.4,0,1,Medium Risk
STU0051,53.7,57.5,7.67,71.2,73.6,3.9,0,7.5,1,1,Medium Risk
STU0052,76.1,87.1,7.19,28.7,54.5,3.7,5,7.2,1,1,Medium Risk
STU0053,92.8,85.0,6.26,64.6,78.3,1.2,0,6.1,1,1,Medium Risk
STU0054,67.4,60.6,5.63,29.4,81.4,0.8,1,5.5,0,1,Medium Risk
STU0055,61.5,29.3,8.7,74.3,88.6,2.8,0,6.5,1,1,Medium Risk
STU0056,45.3,89.5,8.41,89.7,95.1,4.2,0,7.8,2,0,Low Risk
STU0057,76.1,73.3,7.43,48.0,77.0,2.1,2,6.6,0,1,Medium Risk
STU0058,87.2,60.2,6.15,72.2,42.3,1.5,0,8.7,1,1,Medium Risk
STU0059,39.5,52.4,4.47,64.3,100.0,3.1,0,5.9,2,1,Medium Risk
STU0060,57.7,64.6,3.14,42.5,64.0,4.3,2,4.5,2,2,High Risk
STU0061,77.6,29.4,7.37,70.4,71.0,4.6,1,6.9,0,1,Medium Risk
STU0062,52.4,37.8,7.84,82.1,49.4,6.0,1,6.1,3,1,Medium Risk
STU0063,43.8,68.1,9.1,43.3,57.2,3.6,2,7.6,0,1,Medium Risk
STU0064,66.5,27.6,6.21,83.1,36.9,5.0,0,8.5,0,1,Medium Risk
STU0065,89.0,72.8,7.06,29.1,89.6,2.8,1,5.0,0,0,Low Risk
STU0066,83.8,83.5,3.82,54.4,92.6,4.3,0,7.8,1,0,Low Risk
STU0067,75.1,35.6,8.84,59.3,92.8,3.6,1,6.4,0,1,Medium Risk
STU0068,83.3,51.1,8.38,75.5,81.7,2.2,0,9.9,0,0,Low Risk
STU0069,87.6,82.2,8.43,26.6,58.2,1.5,1,6.4,0,0,Low Risk
STU0070,80.4,67.7,8.87,62.3,97.0,2.7,0,4.7,1,0,Low Risk
STU0071,72.2,53.6,6.86,71.5,72.8,0.7,0,9.3,0,0,Low Risk
STU0072,49.6,72.8,6.0,75.5,100.0,0.6,1,6.4,0,1,Medium Risk
STU0073,48.3,77.9,6.58,49.4,94.4,1.5,1,7.2,0,1,Medium Risk
STU0074,61.2,70.0,3.04,25.3,87.0,0.3,0,8.4,0,1,Medium Risk
STU0075,67.0,40.2,6.32,81.5,31.4,3.0,1,6.1,0,1,Medium Risk
STU0076,89.7,97.4,5.11,76.1,94.2,2.7,0,6.7,0,0,Low Risk
STU0077,30.4,30.5,5.09,52.7,50.7,2.1,2,6.3,1,2,High Risk
STU0078,90.7,76.5,8.58,84.1,94.4,0.7,0,6.5,0,0,Low Risk
STU0079,97.3,85.2,7.73,86.2,76.8,1.4,3,12.0,0,1,Medium Risk
STU0080,72.1,58.0,6.52,46.2,95.5,3.6,0,8.3,0,1,Medium Risk
STU0081,81.0,70.6,4.41,72.3,71.6,3.4,0,5.8,0,1,Medium Risk
STU0082,80.4,21.3,6.93,49.9,71.1,0.0,0,8.1,1,2,High Risk
STU0083,83.9,42.6,5.82,76.0,85.3,4.4,2,7.9,0,1,Medium Risk
STU0084,48.7,49.5,8.81,84.0,99.5,2.2,0,7.6,0,0,Low Risk
STU0085,64.4,84.3,6.32,54.8,44.6,2.7,2,9.4,2,1,Medium Risk
STU0086,77.4,84.5,6.33,64.8,87.9,2.4,0,6.8,0,0,Low Risk
STU0087,80.1,63.1,6.37,41.3,82.9,3.4,0,4.7,0,1,Medium Risk
STU0088,54.5,52.5,6.65,76.2,52.9,2.4,0,6.5,1,1,Medium Risk
STU0089,85.6,65.8,3.0,61.9,57.2,3.9,3,6.6,1,1,Medium Risk
STU0090,73.6,81.7,3.8,18.8,62.6,4.1,1,9.1,1,1,Medium Risk
STU0091,72.8,63.6,8.29,90.3,100.0,6.0,0,4.1,0,0,Low Risk
STU0092,85.1,44.3,4.65,34.2,87.7,0.4,2,7.5,1,1,Medium Risk
STU0093,13.2,78.4,8.37,76.9,29.5,2.8,1,9.0,0,1,Medium Risk
STU0094,87.9,72.6,7.95,75.8,34.8,2.0,2,7.2,1,1,Medium Risk
STU0095,62.1,73.3,8.17,56.6,96.0,1.5,0,6.5,0,1,Medium Risk
STU0096,78.5,51.8,6.79,78.4,74.0,3.8,1,7.1,0,1,Medium Risk
STU0097,53.0,78.3,7.02,34.2,66.3,3.4,0,6.9,1,1,Medium Risk
STU0098,34.2,70.2,5.1,83.2,99.6,3.1,3,8.8,3,1,Medium Risk
STU0099,81.7,86.9,8.24,65.9,83.2,1.5,1,7.0,2,0,Low Risk
STU0100,95.1,65.6,3.55,77.1,81.9,3.9,5,4.5,0,1,Medium Risk
STU0101,52.6,67.7,9.25,29.0,34.0,3.6,3,8.9,1,1,Medium Risk
STU0102,60.5,58.0,6.99,52.9,57.2,2.2,0,8.3,1,1,Medium Risk
STU0103,60.6,47.0,7.28,89.5,41.9,2.0,1,8.4,2,1,Medium Risk
STU0104,72.9,85.3,5.97,64.6,85.3,2.5,4,8.1,0,1,Medium Risk
STU0105,85.5,28.7,9.18,70.4,87.7,2.2,0,8.5,4,0,Low Risk
STU0106,63.3,64.7,2.08,51.1,87.8,3.3,0,8.1,0,1,Medium Risk
STU0107,70.8,27.9,7.55,68.9,92.1,2.5,1,7.5,0,1,Medium Risk
STU0108,71.5,11.4,7.28,67.7,86.7,2.7,0,6.5,1,1,Medium Risk
STU0109,77.9,84.0,3.01,25.9,0.0,1.4,0,8.7,0,1,Medium Risk
STU0110,26.5,55.7,8.38,46.7,63.7,2.2,3,6.4,0,1,Medium Risk
STU0111,69.7,52.2,7.83,57.6,84.5,1.2,0,6.3,1,1,Medium Risk
STU0112,77.6,31.2,5.8,52.8,68.1,1.6,2,8.9,0,1,Medium Risk
STU0113,57.6,74.1,6.22,37.1,65.1,4.4,1,6.9,0,1,Medium Risk
STU0114,84.4,53.3,7.51,78.3,92.0,4.3,1,8.4,0,0,Low Risk
STU0115,84.7,60.8,9.69,65.5,63.4,4.4,1,4.3,2,1,Medium Risk
STU0116,80.2,61.7,9.36,27.9,82.2,5.3,0,7.1,4,1,Medium Risk
STU0117,85.9,68.1,8.33,80.7,67.0,1.0,2,3.7,0,1,Medium Risk
STU0118,83.1,58.3,4.53,51.0,54.0,0.7,0,7.3,0,0,Low Risk
STU0119,75.2,71.6,6.1,77.7,95.1,2.3,3,6.7,1,1,Medium Risk
STU0120,91.8,91.8,3.77,57.0,65.6,4.4,4,8.9,0,0,Low Risk
STU0121,70.9,83.0,8.89,70.5,88.9,0.4,1,9.5,0,0,Low Risk
STU0122,70.9,70.5,6.19,59.5,67.9,0.8,2,9.0,1,1,Medium Risk
STU0123,81.2,29.2,7.34,61.9,65.4,4.7,0,6.3,0,1,Medium Risk
STU0124,58.4,34.9,5.99,70.2,83.0,3.1,5,7.4,1,1,Medium Risk
STU0125,74.4,29.7,7.69,77.1,77.0,2.5,0,6.7,0,1,Medium Risk
STU0126,84.8,32.5,8.23,59.8,47.1,3.3,3,7.9,0,1,Medium Risk
STU0127,58.7,80.0,6.21,77.2,82.8,1.1,0,6.6,0,0,Low Risk
STU0128,82.9,83.5,3.06,73.4,100.0,3.1,0,7.5,0,1,Medium Risk
STU0129,37.8,50.0,8.01,82.6,56.0,4.6,1,4.6,0,1,Medium Risk
STU0130,46.8,83.3,8.95,62.1,85.2,4.4,1,8.0,0,1,Medium Risk
STU0131,67.2,37.0,7.98,61.7,100.0,2.5,0,4.1,0,1,Medium Risk
STU0132,64.7,73.3,8.64,86.6,91.8,0.9,4,5.6,1,1,Medium Risk
STU0133,73.9,28.8,5.04,52.6,83.1,5.4,1,6.7,2,1,Medium Risk
STU0134,86.4,70.8,4.18,33.7,56.1,4.1,2,6.8,0,1,Medium Risk
STU0135,58.4,34.1,8.79,70.6,99.1,1.7,0,6.5,2,1,Medium Risk
STU0136,57.2,67.1,9.35,57.6,65.6,5.2,3,8.5,0,1,Medium Risk
STU0137,81.0,80.6,7.74,69.4,87.5,3.4,0,8.2,1,1,Medium Risk
STU0138,46.0,45.0,7.27,60.6,93.3,4.4,4,8.8,1,1,Medium Risk
STU0139,43.2,78.8,6.35,45.8,93.2,3.7,0,7.2,1,1,Medium Risk
STU0140,32.8,100.0,3.33,54.6,80.0,3.2,1,6.5,0,1,Medium Risk
STU0141,53.0,33.0,7.17,29.7,72.3,4.2,5,6.5,1,1,Medium Risk
STU0142,50.4,51.3,6.24,66.9,83.1,3.1,0,5.6,0,1,Medium Risk
STU0143,59.2,76.4,6.79,71.3,82.9,1.9,1,7.1,0,1,Medium Risk
STU0144,47.7,76.2,9.65,80.0,95.0,1.7,2,7.1,0,0,Low Risk
STU0145,83.8,73.2,4.09,54.3,93.9,3.4,5,3.3,0,1,Medium Risk
STU0146,72.7,72.3,5.0,40.5,100.0,1.7,1,4.5,4,1,Medium Risk
STU0147,92.4,49.3,6.51,66.1,88.1,1.3,2,6.5,0,1,Medium Risk
STU0148,67.9,72.7,6.78,69.3,88.8,0.0,0,5.9,0,0,Low Risk
STU0149,53.4,53.2,6.29,80.6,85.4,1.1,1,6.2,0,1,Medium Risk
STU0150,63.3,80.5,7.96,50.9,65.1,0.5,0,8.3,1,1,Medium Risk
STU0151,70.6,73.9,7.52,91.2,28.7,2.6,5,4.2,3,1,Medium Risk
STU0152,48.8,48.8,5.27,25.9,99.0,1.6,0,7.6,1,2,High Risk
STU0153,60.6,71.4,5.57,79.1,85.1,3.2,3,12.0,4,1,Medium Risk
STU0154,70.2,60.6,7.17,19.9,71.7,0.7,0,7.8,1,1,Medium Risk
STU0155,88.9,58.6,6.52,88.5,23.5,2.9,0,8.2,2,1,Medium Risk
STU0156,73.8,46.4,7.07,60.9,98.2,3.2,1,6.9,0,1,Medium Risk
STU0157,67.3,79.0,4.84,75.5,69.1,3.4,3,7.4,1,1,Medium Risk
STU0158,64.6,42.0,7.44,81.5,94.1,0.7,0,6.1,1,1,Medium Risk
STU0159,62.9,75.4,4.66,82.9,82.3,6.1,4,8.9,1,1,Medium Risk
STU0160,83.1,82.9,5.93,79.8,88.8,3.8,0,8.0,2,1,Medium Risk
STU0161,78.1,81.7,6.58,79.2,89.7,3.3,0,8.7,0,0,Low Risk
STU0162,75.7,74.2,5.4,46.1,80.0,3.2,1,6.9,0,1,Medium Risk
STU0163,52.5,62.3,4.87,50.8,43.8,0.0,0,9.4,1,1,Medium Risk
STU0164,64.5,81.3,7.25,62.3,32.7,2.3,0,9.1,0,1,Medium Risk
STU0165,53.3,23.4,9.08,56.6,94.1,3.2,0,7.5,0,1,Medium Risk
STU0166,88.1,74.7,8.61,89.0,94.2,0.9,1,6.5,0,0,Low Risk
STU0167,83.1,92.5,2.85,72.2,89.2,3.2,0,9.1,0,0,Low Risk
STU0168,58.1,58.0,4.02,66.6,98.2,2.1,1,5.4,3,2,High Risk
STU0169,87.4,60.3,3.46,91.4,50.2,1.9,1,4.7,0,1,Medium Risk
STU0170,40.6,79.5,4.05,83.1,95.3,2.7,1,7.6,0,1,Medium Risk
STU0171,91.3,46.0,4.09,80.1,81.9,2.4,1,7.1,0,1,Medium Risk
STU0172,64.3,70.5,6.57,55.2,44.8,3.2,2,7.0,1,1,Medium Risk
STU0173,48.9,71.1,8.54,76.4,70.0,3.6,0,6.8,0,1,Medium Risk
STU0174,79.6,20.9,4.87,75.0,92.6,4.3,1,8.4,2,1,Medium Risk
STU0175,77.1,80.7,3.27,56.8,91.0,3.4,1,7.7,0,1,Medium Risk
STU0176,79.2,83.9,8.36,58.8,48.1,4.4,0,5.8,0,0,Low Risk
STU0177,77.8,31.1,7.62,38.4,65.6,0.4,1,7.4,0,1,Medium Risk
STU0178,21.3,23.2,6.84,8.2,21.0,2.7,0,7.6,2,2,High Risk
STU0179,65.9,84.6,8.4,72.0,51.2,1.1,0,6.1,0,0,Low Risk
STU0180,66.5,84.6,8.94,33.9,71.5,0.7,0,5.9,3,1,Medium Risk
STU0181,55.1,52.7,7.68,48.6,87.5,2.5,1,8.5,0,1,Medium Risk
STU0182,83.0,89.6,5.7,71.2,51.7,4.7,3,7.3,0,1,Medium Risk
STU0183,46.7,32.0,7.71,54.1,71.5,1.1,0,7.2,0,2,High Risk
STU0184,67.2,20.4,8.6,87.8,45.5,6.1,0,6.1,0,1,Medium Risk
STU0185,67.5,78.7,6.91,65.1,100.0,3.0,0,6.7,1,1,Medium Risk
STU0186,56.3,49.2,8.23,100.0,90.4,5.1,0,9.1,1,1,Medium Risk
STU0187,78.1,25.8,3.33,56.3,74.5,0.0,3,12.0,0,1,Medium Risk
STU0188,67.7,83.3,6.83,79.5,100.0,2.7,1,5.2,0,0,Low Risk
STU0189,71.0,78.3,5.41,78.5,83.1,3.8,1,8.2,0,1,Medium Risk
STU0190,82.5,56.7,8.49,90.8,93.7,1.1,1,7.0,0,0,Low Risk
STU0191,62.2,69.7,5.15,71.2,40.0,3.6,3,8.7,0,1,Medium Risk
STU0192,57.2,35.3,6.48,74.7,54.4,3.7,0,7.6,1,1,Medium Risk
STU0193,56.9,56.8,7.47,84.1,90.0,4.1,0,7.6,1,0,Low Risk
STU0194,73.6,76.0,8.0,83.2,62.2,4.0,0,7.1,0,1,Medium Risk
STU0195,48.8,16.9,9.64,41.5,40.7,3.2,1,7.1,0,1,Medium Risk
STU0196,61.5,77.6,6.96,74.9,76.4,1.4,1,6.3,3,1,Medium Risk
STU0197,94.3,43.5,5.11,72.9,100.0,3.0,0,7.2,1,1,Medium Risk
STU0198,69.6,6.9,6.32,88.9,54.5,4.3,1,6.6,1,1,Medium Risk
STU0199,67.4,80.7,7.25,70.7,60.5,4.2,0,5.9,1,1,Medium Risk
STU0200,68.5,48.7,3.92,96.3,96.0,6.2,1,8.9,1,1,Medium Risk
STU0201,49.2,40.6,7.09,65.9,91.8,3.7,0,5.7,0,1,Medium Risk
STU0202,48.0,8.3,5.62,60.9,84.5,3.5,0,6.1,0,2,High Risk
STU0203,35.4,80.0,8.35,64.4,97.2,2.4,0,5.6,0,1,Medium Risk
STU0204,41.8,33.4,5.96,99.1,81.3,3.7,0,8.4,0,1,Medium Risk
STU0205,51.6,86.9,7.48,64.8,87.5,3.3,0,7.7,2,1,Medium Risk
STU0206,44.2,68.6,5.74,50.2,50.3,1.5,0,9.0,0,1,Medium Risk
STU0207,52.8,52.2,8.36,40.2,92.8,2.1,1,8.2,0,1,Medium Risk
STU0208,79.8,48.6,7.8,80.5,93.3,2.6,0,5.4,1,0,Low Risk
STU0209,81.2,77.7,9.61,82.9,73.2,4.1,1,4.9,0,0,Low Risk
STU0210,89.2,53.3,4.49,81.6,90.4,2.3,0,5.1,1,1,Medium Risk
STU0211,86.9,79.3,6.22,44.3,51.7,2.0,3,8.5,0,1,Medium Risk
STU0212,86.4,44.4,8.44,91.8,62.2,1.0,1,5.3,0,1,Medium Risk
STU0213,38.0,77.9,7.14,89.2,76.1,0.0,2,6.5,0,1,Medium Risk
STU0214,52.7,62.2,8.15,47.0,76.8,0.4,1,7.0,0,1,Medium Risk
STU0215,28.6,79.5,9.96,41.1,85.0,5.8,0,6.8,1,1,Medium Risk
STU0216,50.3,75.6,7.21,77.3,90.7,4.0,0,7.2,0,1,Medium Risk
STU0217,58.3,36.6,4.9,63.2,91.9,2.7,0,6.7,2,1,Medium Risk
STU0218,72.6,81.1,2.71,62.0,35.1,4.3,2,5.2,1,1,Medium Risk
STU0219,34.9,53.1,8.46,92.0,21.6,2.7,1,5.2,0,1,Medium Risk
STU0220,88.8,59.7,6.66,79.1,89.2,0.0,0,7.1,1,0,Low Risk
STU0221,85.9,71.4,9.08,61.9,73.2,4.3,4,8.6,0,0,Low Risk
STU0222,73.3,72.8,5.34,76.8,95.8,4.2,0,6.2,0,1,Medium Risk
STU0223,81.9,86.6,7.08,93.6,71.0,4.3,1,6.8,0,1,Medium Risk
STU0224,19.7,91.4,5.7,69.6,98.7,3.8,2,6.0,2,1,Medium Risk
STU0225,52.5,65.7,3.91,75.0,94.2,1.6,0,8.0,0,1,Medium Risk
STU0226,62.0,75.9,6.6,68.0,74.2,3.1,0,8.1,0,1,Medium Risk
STU0227,84.1,80.2,8.88,48.2,17.5,2.1,0,7.1,2,1,Medium Risk
STU0228,74.4,35.0,8.3,74.0,70.4,3.8,0,7.0,0,1,Medium Risk
STU0229,53.4,81.9,5.74,52.9,96.1,2.1,0,6.9,0,0,Low Risk
STU0230,32.6,24.7,8.12,83.6,96.6,2.7,1,6.2,1,1,Medium Risk
STU0231,71.2,84.6,9.3,49.0,76.2,4.1,1,5.3,0,1,Medium Risk
STU0232,30.2,28.8,6.32,82.5,88.4,1.2,0,6.0,0,1,Medium Risk
STU0233,67.2,23.8,5.45,81.9,86.6,5.7,2,7.7,0,1,Medium Risk
STU0234,59.1,32.0,6.58,60.3,95.4,3.7,1,8.7,0,1,Medium Risk
STU0235,44.9,63.0,6.13,61.6,56.4,3.3,1,5.2,0,1,Medium Risk
STU0236,57.8,83.4,4.36,65.6,24.6,1.3,0,6.4,0,1,Medium Risk
STU0237,37.9,76.2,7.83,80.7,51.5,4.7,0,8.0,1,1,Medium Risk
STU0238,55.9,60.2,6.03,62.5,77.9,1.7,1,3.3,0,1,Medium Risk
STU0239,73.9,75.0,6.58,93.8,50.1,4.3,1,3.0,0,0,Low Risk
STU0240,78.7,85.7,5.63,66.6,88.8,1.5,0,7.7,1,1,Medium Risk
STU0241,72.3,34.8,5.88,67.6,46.3,3.3,2,5.7,2,1,Medium Risk
STU0242,75.7,79.2,4.59,51.1,86.3,4.0,0,5.9,0,1,Medium Risk
STU0243,85.7,47.7,4.37,87.9,88.1,3.4,2,7.8,3,1,Medium Risk
STU0244,62.5,54.1,7.86,60.5,78.2,0.9,5,7.2,2,2,High Risk
STU0245,84.4,58.9,5.06,42.1,71.3,2.2,2,6.4,0,1,Medium Risk
STU0246,34.0,60.1,8.95,89.4,91.5,3.4,0,6.2,0,1,Medium Risk
STU0247,79.3,75.5,2.03,85.0,76.5,4.3,0,7.7,0,1,Medium Risk
STU0248,41.9,54.0,4.25,58.6,93.9,2.2,3,5.6,0,2,High Risk
STU0249,61.6,62.3,5.31,64.3,94.2,2.0,0,5.2,1,1,Medium Risk
STU0250,81.7,28.1,5.28,44.3,98.8,2.0,0,4.9,2,1,Medium Risk
STU0251,27.3,68.1,6.59,93.8,96.6,2.6,0,8.9,0,1,Medium Risk
STU0252,80.2,61.9,6.3,60.5,39.0,2.0,0,8.5,0,1,Medium Risk
STU0253,29.9,79.7,6.29,48.5,21.1,6.1,3,6.6,2,2,High Risk
STU0254,33.2,50.8,4.72,76.9,79.3,4.6,0,5.8,0,1,Medium Risk
STU0255,42.7,68.3,7.95,68.0,33.6,3.8,0,6.2,0,1,Medium Risk
STU0256,87.1,43.0,8.42,75.5,53.6,0.5,0,8.3,0,0,Low Risk
STU0257,73.6,61.9,7.26,59.4,67.8,3.3,1,9.7,4,1,Medium Risk
STU0258,55.2,77.5,5.26,70.0,100.0,4.5,1,8.3,1,1,Medium Risk
STU0259,88.2,63.0,6.0,54.4,94.8,1.5,0,6.0,1,1,Medium Risk
STU0260,77.6,68.1,9.16,51.2,85.5,5.3,0,5.3,1,1,Medium Risk
STU0261,44.6,17.4,4.74,45.8,91.4,3.0,0,8.8,0,2,High Risk
STU0262,69.2,54.7,4.96,66.0,82.0,0.2,2,7.2,1,1,Medium Risk
STU0263,51.8,76.2,4.75,71.4,66.4,0.4,4,7.1,0,1,Medium Risk
STU0264,63.8,71.1,7.54,19.2,45.6,0.2,0,7.4,0,1,Medium Risk
STU0265,90.2,89.9,8.25,76.1,59.5,0.2,2,7.9,0,0,Low Risk
STU0266,61.2,83.4,7.81,79.9,30.9,3.1,1,10.5,0,1,Medium Risk
STU0267,17.0,74.1,5.81,75.6,16.5,4.4,0,7.5,1,1,Medium Risk
STU0268,70.0,18.0,5.35,59.7,34.9,1.2,0,6.9,0,2,High Risk
STU0269,94.3,79.1,6.59,74.5,55.0,0.6,4,7.6,0,1,Medium Risk
STU0270,97.5,65.2,7.66,54.5,22.8,2.2,1,9.7,0,1,Medium Risk
STU0271,72.1,81.7,4.73,85.9,66.9,4.5,4,8.1,0,1,Medium Risk
STU0272,48.0,15.0,6.33,18.9,88.2,0.1,0,8.2,0,2,High Risk
STU0273,57.0,49.7,7.22,50.2,61.5,2.0,0,7.8,0,1,Medium Risk
STU0274,62.8,55.6,8.8,57.5,94.0,1.2,2,8.6,0,1,Medium Risk
STU0275,55.0,60.4,5.42,65.8,93.5,2.1,3,7.3,0,1,Medium Risk
STU0276,86.5,84.8,7.62,81.7,64.8,1.8,1,5.5,0,1,Medium Risk
STU0277,62.8,74.6,5.19,88.7,91.0,2.0,1,8.1,0,1,Medium Risk
STU0278,62.5,58.2,6.61,79.0,64.9,1.0,1,6.8,0,1,Medium Risk
STU0279,80.9,75.0,6.49,85.7,41.5,1.5,1,8.9,0,0,Low Risk
STU0280,83.7,46.2,9.17,79.9,69.7,4.1,1,6.0,0,1,Medium Risk
STU0281,81.1,90.1,6.85,87.5,53.4,3.5,1,5.5,0,0,Low Risk
STU0282,26.2,15.8,7.0,40.6,97.2,4.6,4,6.9,2,2,High Risk
STU0283,76.4,35.5,8.13,60.3,47.0,4.2,4,7.9,0,1,Medium Risk
STU0284,46.7,27.0,7.03,73.4,81.6,3.2,0,7.2,0,1,Medium Risk
STU0285,78.2,52.3,6.36,94.6,85.4,3.6,1,9.0,0,1,Medium Risk
STU0286,32.0,80.4,8.66,86.0,56.9,2.3,5,4.5,0,1,Medium Risk
STU0287,43.2,85.1,8.17,84.8,93.2,2.3,0,7.7,3,0,Low Risk
STU0288,77.5,37.5,6.99,50.9,64.3,0.5,1,7.3,0,1,Medium Risk
STU0289,72.4,63.5,5.84,51.3,81.5,3.4,0,7.5,0,1,Medium Risk
STU0290,80.8,74.2,7.45,65.7,89.8,4.1,1,7.6,1,1,Medium Risk
STU0291,73.4,46.7,6.71,57.9,77.1,3.4,2,4.8,4,1,Medium Risk
STU0292,97.0,73.2,5.55,69.9,72.3,5.2,0,7.3,1,0,Low Risk
STU0293,73.0,36.6,4.34,69.1,95.7,3.6,1,6.7,1,1,Medium Risk
STU0294,87.1,42.0,8.28,88.1,98.7,2.1,0,8.3,0,0,Low Risk
STU0295,64.0,80.4,7.23,55.5,70.5,1.8,0,3.0,1,1,Medium Risk
STU0296,86.0,81.7,7.13,71.8,53.7,2.1,1,5.8,1,1,Medium Risk
STU0297,93.7,56.8,7.78,99.2,100.0,0.6,1,7.8,0,0,Low Risk
STU0298,49.9,66.7,9.22,58.2,38.8,0.0,0,4.4,0,1,Medium Risk
STU0299,51.3,66.8,3.9,28.1,32.0,4.4,4,6.4,0,1,Medium Risk
STU0300,59.3,61.0,6.51,73.3,57.3,3.4,1,7.3,1,1,Medium Risk
STU0301,80.9,64.3,7.06,75.4,38.6,4.0,0,7.3,3,1,Medium Risk
STU0302,58.1,83.9,6.24,94.0,89.8,0.0,0,5.0,1,0,Low Risk
STU0303,69.6,77.4,7.89,81.0,39.6,1.6,0,4.6,2,1,Medium Risk
STU0304,46.3,42.6,5.94,37.4,76.0,4.4,0,7.9,1,1,Medium Risk
STU0305,46.6,41.6,8.19,84.2,21.2,3.7,2,8.7,1,2,High Risk
STU0306,65.2,81.8,3.77,63.1,90.4,1.8,0,8.7,0,1,Medium Risk
STU0307,75.5,93.0,7.04,71.1,81.4,3.5,3,5.7,0,1,Medium Risk
STU0308,64.5,67.3,4.8,80.8,54.7,1.0,0,6.6,1,1,Medium Risk
STU0309,30.8,66.0,8.19,97.2,92.1,2.2,0,5.2,0,1,Medium Risk
STU0310,68.4,73.8,8.2,41.4,79.5,1.5,0,7.2,0,1,Medium Risk
STU0311,62.4,67.4,6.05,54.1,42.7,3.3,1,8.1,4,1,Medium Risk
STU0312,62.8,53.5,7.86,37.2,83.4,3.3,1,7.1,0,1,Medium Risk
STU0313,79.3,59.0,6.76,38.9,80.2,2.0,1,8.9,0,1,Medium Risk
STU0314,92.7,50.7,5.53,68.0,70.1,4.9,3,7.8,0,1,Medium Risk
STU0315,86.5,57.1,5.63,42.9,87.9,3.8,2,5.4,1,0,Low Risk
STU0316,85.8,62.8,8.31,25.0,78.1,4.6,1,6.4,0,1,Medium Risk
STU0317,57.0,73.6,4.4,49.0,54.7,4.1,0,9.8,1,1,Medium Risk
STU0318,44.5,76.4,2.66,24.2,95.2,0.8,3,5.7,2,2,High Risk
STU0319,89.7,80.7,6.62,74.6,46.9,2.7,3,9.0,0,1,Medium Risk
STU0320,92.1,49.0,5.32,86.8,44.2,0.7,2,6.0,1,1,Medium Risk
STU0321,100.0,80.1,7.09,18.8,93.0,1.9,2,7.5,1,1,Medium Risk
STU0322,85.6,44.2,8.74,52.7,53.4,3.1,3,4.1,1,1,Medium Risk
STU0323,76.0,78.3,7.74,20.5,79.4,3.0,0,4.5,0,1,Medium Risk
STU0324,81.3,72.2,3.3,92.8,83.5,4.3,1,7.2,2,0,Low Risk
STU0325,72.0,71.2,5.76,34.0,84.3,5.1,0,6.0,2,1,Medium Risk
STU0326,41.9,76.9,8.97,62.7,88.1,3.3,0,8.2,1,1,Medium Risk
STU0327,48.5,73.9,4.68,67.7,28.1,2.5,3,7.0,0,2,High Risk
STU0328,60.7,77.6,8.24,56.4,69.2,3.0,0,8.1,0,0,Low Risk
STU0329,52.3,73.4,6.53,75.9,91.4,7.0,3,7.7,0,1,Medium Risk
STU0330,75.0,46.2,6.92,84.1,60.5,3.4,0,8.1,0,1,Medium Risk
STU0331,50.5,54.0,6.86,34.7,100.0,3.0,0,6.7,0,1,Medium Risk
STU0332,52.2,83.8,7.09,78.2,64.8,1.8,1,9.3,0,1,Medium Risk
STU0333,51.9,44.1,6.89,62.2,65.9,3.0,1,5.2,1,1,Medium Risk
STU0334,71.2,66.4,2.79,75.3,96.0,1.9,3,7.8,1,1,Medium Risk
STU0335,73.8,67.2,5.45,36.3,97.8,4.1,2,9.6,0,1,Medium Risk
STU0336,62.4,81.4,5.52,38.2,79.1,0.9,0,5.1,1,1,Medium Risk
STU0337,64.1,56.5,8.61,79.2,37.6,1.5,0,7.9,2,1,Medium Risk
STU0338,90.0,76.6,6.74,48.7,70.6,1.8,0,6.7,2,1,Medium Risk
STU0339,84.5,84.8,7.68,54.5,52.3,2.8,2,6.3,2,1,Medium Risk
STU0340,25.2,68.9,6.08,56.4,89.3,3.8,0,6.4,0,1,Medium Risk
STU0341,49.0,58.4,5.57,66.0,90.0,2.6,0,7.3,4,1,Medium Risk
STU0342,60.3,66.6,8.07,43.8,60.7,5.2,0,4.7,0,1,Medium Risk
STU0343,86.6,88.6,7.23,26.5,76.0,1.5,1,7.9,0,0,Low Risk
STU0344,91.6,86.6,8.39,41.6,70.4,4.0,0,6.1,2,1,Medium Risk
STU0345,45.1,12.7,5.45,85.0,47.5,2.5,0,7.7,0,1,Medium Risk
STU0346,83.2,35.6,6.55,48.6,59.4,0.2,0,5.3,1,1,Medium Risk
STU0347,18.4,71.3,7.77,63.7,95.6,2.5,1,6.3,0,1,Medium Risk
STU0348,87.6,68.2,6.44,88.5,19.3,1.4,0,5.3,0,0,Low Risk
STU0349,57.6,41.2,3.24,82.3,86.3,4.8,3,3.8,0,1,Medium Risk
STU0350,91.6,54.0,7.29,86.7,38.7,5.1,3,6.9,0,1,Medium Risk
STU0351,66.4,44.7,3.08,82.7,48.9,1.9,0,9.7,0,1,Medium Risk
STU0352,90.1,72.9,8.53,85.6,92.9,5.0,0,8.7,0,0,Low Risk
STU0353,92.5,63.8,4.05,75.2,88.5,2.7,0,7.2,0,1,Medium Risk
STU0354,57.0,85.3,2.79,76.7,16.5,2.9,1,5.2,1,1,Medium Risk
STU0355,56.2,63.5,6.18,91.5,73.3,1.2,1,3.8,1,1,Medium Risk
STU0356,73.1,67.4,7.12,88.9,97.7,1.8,0,7.2,2,0,Low Risk
STU0357,64.2,63.3,4.96,67.3,54.6,1.5,0,5.0,0,1,Medium Risk
STU0358,89.1,65.3,9.26,83.6,59.4,3.3,0,5.7,3,0,Low Risk
STU0359,72.2,74.7,8.46,80.9,76.1,3.3,1,8.7,2,0,Low Risk
STU0360,47.8,59.8,4.44,77.3,23.2,3.3,0,4.9,0,1,Medium Risk
STU0361,98.1,69.3,4.04,54.8,83.8,4.8,2,5.8,0,1,Medium Risk
STU0362,62.3,76.5,6.73,48.0,14.3,2.7,0,7.5,0,1,Medium Risk
STU0363,81.6,53.7,7.74,52.3,96.5,3.4,0,5.8,1,1,Medium Risk
STU0364,89.2,94.7,8.86,92.5,97.3,2.5,3,8.2,1,0,Low Risk
STU0365,61.6,55.5,7.67,38.6,100.0,3.9,1,7.5,0,1,Medium Risk
STU0366,52.7,85.1,5.81,71.7,92.1,6.8,3,8.5,0,1,Medium Risk
STU0367,84.7,54.4,6.37,74.6,90.3,1.7,0,4.1,0,1,Medium Risk
STU0368,46.3,48.0,5.74,41.3,18.1,0.0,2,8.2,0,2,High Risk
STU0369,73.5,51.7,6.43,42.5,76.4,0.6,0,5.1,1,1,Medium Risk
STU0370,36.1,54.3,7.78,24.1,48.0,5.6,0,5.4,1,1,Medium Risk
STU0371,62.0,92.4,5.83,39.5,57.9,4.1,0,9.1,0,1,Medium Risk
STU0372,62.8,80.8,6.52,61.4,20.6,5.0,4,6.4,2,2,High Risk
STU0373,64.3,69.0,8.35,64.8,71.2,3.4,4,4.0,0,1,Medium Risk
STU0374,50.1,71.5,6.28,76.4,85.4,2.2,1,5.5,0,1,Medium Risk
STU0375,98.0,70.4,8.87,73.0,100.0,0.3,1,4.4,0,0,Low Risk
STU0376,89.1,42.8,6.2,81.5,88.1,1.8,0,5.8,0,0,Low Risk
STU0377,65.7,80.8,7.72,38.9,41.0,1.3,4,5.6,2,1,Medium Risk
STU0378,49.3,36.4,7.29,51.4,84.9,2.8,0,6.8,1,1,Medium Risk
STU0379,67.6,71.5,4.89,91.1,53.1,0.3,0,7.6,3,1,Medium Risk
STU0380,38.2,46.1,6.03,78.7,69.4,0.8,0,6.0,0,1,Medium Risk
STU0381,52.5,70.7,5.99,35.2,88.0,4.9,0,7.0,2,1,Medium Risk
STU0382,80.3,46.9,7.82,79.9,50.7,2.6,0,8.9,0,1,Medium Risk
STU0383,36.6,73.1,7.23,65.4,45.1,0.4,0,5.3,0,1,Medium Risk
STU0384,95.2,51.3,7.99,35.7,22.7,4.8,1,5.3,0,1,Medium Risk
STU0385,60.8,47.3,8.32,92.4,68.3,2.4,0,5.5,0,1,Medium Risk
STU0386,42.5,45.3,6.79,53.4,57.1,2.4,1,7.0,1,1,Medium Risk
STU0387,52.7,17.2,3.63,77.6,57.1,0.3,1,10.6,4,2,High Risk
STU0388,61.1,66.4,7.36,85.6,96.7,1.4,1,6.4,1,1,Medium Risk
STU0389,69.5,55.2,2.91,47.2,47.9,1.1,0,6.9,1,2,High Risk
STU0390,66.2,70.2,7.8,76.5,42.1,4.7,0,6.6,0,0,Low Risk
STU0391,82.4,79.5,4.8,76.0,98.9,1.9,1,6.3,0,0,Low Risk
STU0392,56.5,54.2,8.44,92.6,87.2,4.1,0,9.3,0,1,Medium Risk
STU0393,82.0,70.3,5.93,67.9,70.0,0.6,0,5.8,4,1,Medium Risk
STU0394,70.5,72.6,5.16,77.9,62.2,4.3,0,7.1,0,1,Medium Risk
STU0395,99.9,80.2,4.98,71.4,42.7,4.0,0,4.8,0,0,Low Risk
STU0396,78.3,63.5,6.45,59.0,93.0,2.0,0,7.2,0,1,Medium Risk
STU0397,57.7,72.4,5.24,83.3,86.2,4.7,1,3.0,2,1,Medium Risk
STU0398,66.4,74.5,6.95,60.8,43.1,2.8,0,7.2,0,1,Medium Risk
STU0399,73.3,76.1,6.7,55.1,61.7,3.8,3,7.3,0,1,Medium Risk
STU0400,59.3,43.6,6.91,71.9,56.9,2.6,5,4.6,1,2,High Risk
STU0401,75.4,47.0,7.07,43.1,34.6,1.7,0,8.7,2,1,Medium Risk
STU0402,82.3,37.2,6.98,81.8,44.9,4.2,0,8.5,1,1,Medium Risk
STU0403,55.8,80.7,8.76,50.8,55.9,5.5,0,7.5,2,1,Medium Risk
STU0404,37.0,67.3,7.53,80.5,90.1,2.7,0,7.1,0,1,Medium Risk
STU0405,62.0,57.7,9.48,77.1,84.3,1.0,0,8.1,1,1,Medium Risk
STU0406,51.4,42.7,4.24,57.6,93.7,1.6,0,9.7,2,1,Medium Risk
STU0407,95.8,32.2,4.3,75.1,23.1,3.5,0,6.3,3,1,Medium Risk
STU0408,85.0,25.8,8.87,20.7,51.6,3.2,1,7.2,0,2,High Risk
STU0409,75.3,60.3,4.99,70.7,76.2,6.7,0,8.9,0,1,Medium Risk
STU0410,60.5,55.2,9.51,45.6,69.1,2.4,2,9.5,0,1,Medium Risk
STU0411,76.3,61.5,5.47,63.7,60.5,0.3,0,8.1,0,1,Medium Risk
STU0412,92.9,77.8,8.44,80.2,75.4,1.7,4,9.4,2,1,Medium Risk
STU0413,41.1,27.6,5.16,45.2,6.8,1.6,1,6.9,1,2,High Risk
STU0414,85.1,94.5,8.02,82.6,96.6,3.4,4,7.1,0,0,Low Risk
STU0415,42.1,56.2,8.13,79.0,72.8,1.4,0,5.0,0,1,Medium Risk
STU0416,55.6,76.4,5.16,85.2,87.6,1.1,1,4.2,0,1,Medium Risk
STU0417,40.5,20.3,6.79,81.3,79.1,4.9,0,8.4,4,2,High Risk
STU0418,80.8,32.1,9.04,91.3,71.8,4.2,1,5.4,0,1,Medium Risk
STU0419,87.5,77.4,5.96,58.9,52.7,5.4,3,8.5,0,1,Medium Risk
STU0420,88.6,75.0,4.61,92.1,89.8,0.5,0,6.5,0,0,Low Risk
STU0421,57.3,75.6,8.39,79.3,33.5,5.4,0,8.5,0,0,Low Risk
STU0422,34.8,81.3,6.95,53.0,80.5,3.4,1,8.6,0,1,Medium Risk
STU0423,67.2,67.4,8.02,33.1,35.8,0.3,5,5.6,2,1,Medium Risk
STU0424,71.1,76.9,5.82,87.5,50.6,1.1,0,7.5,1,1,Medium Risk
STU0425,70.4,96.9,5.33,82.4,82.0,2.8,1,8.1,2,0,Low Risk
STU0426,80.2,82.4,9.19,18.3,32.2,0.7,1,6.9,0,1,Medium Risk
STU0427,75.3,51.0,3.54,16.2,24.5,5.9,0,9.1,0,1,Medium Risk
STU0428,94.9,72.9,7.61,92.2,75.0,1.1,1,9.9,0,0,Low Risk
STU0429,99.8,51.8,6.74,54.2,75.5,4.8,0,7.1,0,1,Medium Risk
STU0430,63.8,83.3,4.81,15.2,90.6,2.6,3,4.4,0,1,Medium Risk
STU0431,51.4,30.5,5.65,70.0,88.3,2.1,2,7.1,0,1,Medium Risk
STU0432,69.2,66.9,8.9,91.3,100.0,4.0,0,8.4,1,0,Low Risk
STU0433,76.0,74.3,6.61,52.9,61.0,1.9,0,7.5,3,1,Medium Risk
STU0434,87.7,39.8,6.53,53.6,89.6,4.6,1,6.5,0,1,Medium Risk
STU0435,47.6,42.8,8.6,53.1,84.5,2.1,0,7.6,0,1,Medium Risk
STU0436,100.0,71.8,5.82,46.3,74.0,2.9,0,6.2,2,1,Medium Risk
STU0437,87.6,66.3,8.02,23.1,89.2,4.1,4,7.1,0,1,Medium Risk
STU0438,49.3,31.1,5.15,57.7,100.0,1.8,1,6.8,0,2,High Risk
STU0439,83.0,74.7,7.71,77.7,94.2,3.2,0,7.3,1,0,Low Risk
STU0440,48.6,50.4,6.93,77.0,73.9,2.5,0,6.7,1,1,Medium Risk
STU0441,95.8,24.6,6.02,51.7,86.5,1.1,0,9.0,0,1,Medium Risk
STU0442,75.0,33.3,5.17,72.7,86.2,1.3,1,6.1,1,1,Medium Risk
STU0443,62.6,93.9,7.11,76.0,57.4,4.8,0,9.5,1,1,Medium Risk
STU0444,63.9,47.8,6.98,51.9,64.6,1.0,2,4.3,0,1,Medium Risk
STU0445,82.4,26.8,7.16,70.8,87.7,3.8,1,7.9,0,1,Medium Risk
STU0446,49.1,36.7,6.54,51.8,64.4,4.3,1,8.2,0,1,Medium Risk
STU0447,47.2,50.2,5.75,45.1,74.4,4.0,0,7.0,0,2,High Risk
STU0448,83.0,39.6,6.23,80.6,91.2,5.6,1,8.7,0,1,Medium Risk
STU0449,89.6,100.0,8.02,89.7,96.0,3.0,0,5.1,1,0,Low Risk
STU0450,58.2,61.1,3.93,21.6,40.1,3.1,0,9.7,0,1,Medium Risk
STU0451,56.4,81.8,5.3,64.0,33.0,5.1,0,6.8,1,1,Medium Risk
STU0452,73.2,64.8,2.98,66.9,82.1,1.3,2,7.4,1,1,Medium Risk
STU0453,75.2,32.8,8.68,52.9,85.4,2.9,0,7.4,0,1,Medium Risk
STU0454,43.4,39.8,5.02,44.3,90.9,0.1,0,8.2,1,1,Medium Risk
STU0455,47.9,46.6,8.79,61.6,46.7,0.1,0,5.7,2,1,Medium Risk
STU0456,66.3,74.6,8.04,22.3,77.9,4.3,2,6.8,2,1,Medium Risk
STU0457,77.0,85.1,8.15,41.1,88.4,1.3,0,5.9,0,0,Low Risk
STU0458,65.9,47.2,6.78,15.8,88.1,2.3,2,7.7,0,1,Medium Risk
STU0459,76.8,46.0,8.71,39.1,33.5,3.5,1,7.7,0,1,Medium Risk
STU0460,100.0,68.6,6.71,11.2,92.3,5.0,3,8.6,1,1,Medium Risk
STU0461,78.4,65.8,5.0,59.3,94.9,2.6,2,7.8,0,1,Medium Risk
STU0462,49.8,88.3,3.62,55.6,46.4,3.5,0,8.0,0,1,Medium Risk
STU0463,68.1,15.9,6.38,67.0,42.3,1.6,1,6.2,0,2,High Risk
STU0464,87.2,63.4,6.11,35.9,61.2,2.5,0,5.6,1,1,Medium Risk
STU0465,70.3,60.5,8.89,46.1,53.1,1.3,1,9.8,0,1,Medium Risk
STU0466,31.2,53.5,5.54,91.7,94.6,0.1,5,6.3,0,2,High Risk
STU0467,53.9,27.1,7.33,62.6,68.8,3.8,0,5.9,0,1,Medium Risk
STU0468,26.6,70.3,6.67,62.7,52.8,2.5,1,7.6,0,1,Medium Risk
STU0469,66.3,81.7,2.71,81.3,66.8,0.6,0,6.7,0,1,Medium Risk
STU0470,69.0,56.4,6.81,85.2,90.9,3.3,0,5.9,0,1,Medium Risk
STU0471,75.0,90.3,4.03,66.8,15.0,2.2,0,7.3,1,1,Medium Risk
STU0472,49.0,65.2,2.95,97.1,87.3,4.1,1,7.2,0,1,Medium Risk
STU0473,57.2,49.7,7.56,57.2,94.9,2.7,1,6.4,1,1,Medium Risk
STU0474,67.7,61.6,1.4,78.9,65.5,3.8,1,7.4,4,1,Medium Risk
STU0475,84.4,72.3,7.3,76.4,85.2,4.0,0,4.6,3,0,Low Risk
STU0476,33.0,68.6,7.17,68.8,92.8,4.6,1,6.6,1,1,Medium Risk
STU0477,63.8,76.5,8.64,81.5,72.9,2.7,5,4.3,0,1,Medium Risk
STU0478,66.6,76.3,5.17,35.9,93.1,2.1,0,5.6,1,1,Medium Risk
STU0479,85.6,70.8,6.88,6.4,74.0,3.2,0,6.6,1,1,Medium Risk
STU0480,85.4,44.2,2.15,28.7,80.6,5.2,4,6.3,0,2,High Risk
STU0481,76.3,67.1,9.02,9.8,46.5,3.0,0,6.6,2,1,Medium Risk
STU0482,66.8,83.8,3.28,44.4,100.0,4.2,0,8.1,0,1,Medium Risk
STU0483,51.5,73.0,5.48,67.9,100.0,2.1,0,5.9,0,0,Low Risk
STU0484,57.3,75.1,7.48,94.0,87.2,1.0,0,7.1,0,1,Medium Risk
STU0485,78.8,74.9,8.1,75.2,89.0,1.4,1,5.1,0,0,Low Risk
STU0486,18.8,57.0,8.6,68.4,62.8,1.9,1,8.4,1,2,High Risk
STU0487,78.9,50.6,7.77,70.4,56.9,4.1,4,4.3,0,1,Medium Risk
STU0488,51.4,78.2,6.86,46.6,83.2,0.1,3,6.3,2,1,Medium Risk
STU0489,48.9,23.9,7.58,79.8,69.6,5.1,1,5.2,1,1,Medium Risk
STU0490,87.0,67.1,7.2,71.3,88.4,4.4,3,5.5,0,1,Medium Risk
STU0491,85.4,66.2,9.29,52.8,68.0,2.4,0,8.3,0,1,Medium Risk
STU0492,78.8,86.5,7.25,76.7,68.0,3.5,1,7.9,0,0,Low Risk
STU0493,63.4,75.3,7.81,58.3,100.0,4.7,0,6.6,0,0,Low Risk
STU0494,47.4,60.2,6.46,75.9,61.7,3.0,2,6.6,2,1,Medium Risk
STU0495,61.1,72.7,4.33,50.1,48.6,2.1,0,9.7,1,1,Medium Risk
STU0496,89.3,54.6,8.14,82.5,48.8,5.7,0,6.1,0,1,Medium Risk
STU0497,86.6,66.8,6.3,28.4,90.8,1.4,2,6.4,4,1,Medium Risk
STU0498,52.7,49.0,5.72,92.4,95.6,2.8,1,7.3,2,1,Medium Risk
STU0499,58.6,73.1,8.73,75.3,94.0,3.0,2,7.0,0,1,Medium Risk
STU0500,70.4,40.2,5.13,76.0,92.1,2.0,0,6.6,3,1,Medium Risk
STU0501,100.0,40.7,4.08,49.1,76.7,4.2,0,5.5,0,1,Medium Risk
STU0502,47.5,57.1,4.52,73.8,92.4,1.1,0,5.4,2,1,Medium Risk
STU0503,65.5,79.4,8.73,67.7,99.7,3.2,0,6.4,2,1,Medium Risk
STU0504,63.2,73.5,5.66,37.7,77.7,4.3,0,7.2,0,1,Medium Risk
STU0505,81.6,76.9,6.66,55.5,98.0,2.7,1,6.5,0,1,Medium Risk
STU0506,36.9,64.0,6.52,79.8,53.9,3.8,0,6.1,1,1,Medium Risk
STU0507,46.8,57.3,4.22,72.5,92.7,3.4,1,7.2,0,1,Medium Risk
STU0508,93.2,67.4,8.47,88.0,28.9,6.5,0,8.2,0,0,Low Risk
STU0509,79.7,48.0,5.41,52.2,92.5,0.7,1,7.0,0,1,Medium Risk
STU0510,41.0,80.8,5.68,70.5,95.5,4.1,3,6.9,3,1,Medium Risk
STU0511,83.9,62.1,5.73,0.0,67.9,5.4,1,8.6,4,1,Medium Risk
STU0512,85.4,51.3,7.4,15.9,86.6,0.4,0,7.0,0,1,Medium Risk
STU0513,95.3,79.1,6.29,67.6,69.8,1.3,2,9.6,2,1,Medium Risk
STU0514,64.0,74.4,8.59,34.6,16.6,2.8,0,7.3,1,1,Medium Risk
STU0515,79.4,57.6,9.52,58.7,70.0,3.2,1,4.5,1,0,Low Risk
STU0516,82.2,45.7,7.97,55.3,61.4,5.8,1,5.3,0,0,Low Risk
STU0517,85.5,42.8,9.58,94.2,55.9,3.5,5,3.3,1,1,Medium Risk
STU0518,95.5,23.2,2.45,67.7,95.0,6.5,1,8.4,0,1,Medium Risk
STU0519,59.6,80.9,7.26,96.5,48.7,0.9,0,6.4,0,0,Low Risk
STU0520,90.0,81.6,6.01,41.1,64.6,5.3,1,7.6,2,1,Medium Risk
STU0521,38.5,41.3,5.81,34.4,35.9,2.8,0,6.0,0,2,High Risk
STU0522,77.1,35.9,7.11,39.4,75.1,3.9,2,5.7,0,1,Medium Risk
STU0523,83.8,39.5,8.6,55.5,46.2,5.4,0,6.9,1,1,Medium Risk
STU0524,52.7,64.2,7.96,62.4,91.9,2.2,1,5.4,0,1,Medium Risk
STU0525,47.1,89.4,7.73,76.8,75.7,2.1,0,4.3,1,0,Low Risk
STU0526,50.5,51.1,7.48,78.1,90.1,0.2,1,6.5,0,1,Medium Risk
STU0527,58.0,50.2,6.74,77.2,88.9,3.2,4,8.8,0,1,Medium Risk
STU0528,90.4,83.2,5.89,72.3,90.0,3.8,1,8.6,0,0,Low Risk
STU0529,71.7,80.9,9.07,83.2,49.8,0.2,0,8.8,1,1,Medium Risk
STU0530,88.1,66.5,9.05,100.0,58.3,3.1,2,6.7,1,1,Medium Risk
STU0531,52.4,69.4,4.34,58.9,73.0,3.9,0,7.4,0,1,Medium Risk
STU0532,46.2,83.4,6.65,82.9,80.4,4.0,2,7.6,1,0,Low Risk
STU0533,72.1,78.3,7.27,54.5,100.0,0.6,0,7.1,2,0,Low Risk
STU0534,57.5,87.0,5.16,52.0,62.8,4.7,1,6.7,1,1,Medium Risk
STU0535,81.6,84.1,4.4,38.8,71.5,1.8,0,4.8,0,1,Medium Risk
STU0536,85.5,75.6,5.23,61.9,76.1,0.8,1,6.8,0,1,Medium Risk
STU0537,65.4,64.1,7.45,35.7,96.8,2.7,0,8.5,0,1,Medium Risk
STU0538,96.0,58.9,4.81,64.0,75.7,0.4,0,6.9,0,0,Low Risk
STU0539,74.0,46.8,8.96,31.2,75.6,5.8,1,5.5,0,1,Medium Risk
STU0540,80.9,83.7,6.74,57.6,45.9,3.1,0,7.3,0,0,Low Risk
STU0541,41.8,75.3,5.65,39.3,98.1,0.9,3,9.3,0,1,Medium Risk
STU0542,42.5,80.9,7.19,47.2,84.9,4.4,3,9.1,0,1,Medium Risk
STU0543,43.0,56.9,6.7,80.2,80.1,4.4,2,5.6,1,1,Medium Risk
STU0544,85.1,46.7,6.64,79.1,35.3,0.4,0,8.6,2,1,Medium Risk
STU0545,77.8,48.9,7.7,79.1,64.4,4.4,0,5.9,0,1,Medium Risk
STU0546,37.8,43.7,7.41,77.4,94.1,3.4,4,8.6,1,1,Medium Risk
STU0547,97.0,87.7,5.94,75.3,86.7,0.3,0,4.2,0,0,Low Risk
STU0548,96.8,63.8,7.68,50.0,28.6,2.6,1,9.5,1,1,Medium Risk
STU0549,54.2,60.7,6.27,72.6,74.7,3.4,0,8.3,0,1,Medium Risk
STU0550,78.3,41.9,3.83,38.6,40.9,3.7,1,7.4,0,1,Medium Risk
STU0551,79.4,25.8,6.67,78.7,88.0,1.1,1,7.7,0,1,Medium Risk
STU0552,57.2,19.4,4.84,60.2,89.2,0.9,1,6.7,1,2,High Risk
STU0553,96.7,17.1,6.23,75.0,14.3,1.6,1,5.3,1,1,Medium Risk
STU0554,65.4,59.1,3.32,70.8,87.2,1.6,2,6.9,0,1,Medium Risk
STU0555,51.1,84.5,7.39,68.6,51.8,2.4,0,7.8,1,1,Medium Risk
STU0556,65.0,72.4,5.32,54.9,74.5,3.1,0,10.2,1,1,Medium Risk
STU0557,43.9,54.0,4.59,46.5,72.7,2.6,4,6.6,1,1,Medium Risk
STU0558,83.2,82.9,4.54,28.0,43.6,3.2,0,10.7,0,1,Medium Risk
STU0559,95.8,62.4,7.53,39.1,92.5,1.2,1,7.2,1,0,Low Risk
STU0560,55.9,74.0,5.8,51.2,61.7,3.5,1,7.6,1,1,Medium Risk
STU0561,56.6,71.9,6.31,84.7,66.6,1.2,2,7.5,0,1,Medium Risk
STU0562,61.4,22.3,7.33,50.1,47.5,3.6,1,8.0,0,2,High Risk
STU0563,86.8,76.2,6.29,34.7,70.7,2.9,2,8.2,0,1,Medium Risk
STU0564,65.1,69.1,6.81,85.1,49.1,0.8,0,6.6,0,1,Medium Risk
STU0565,77.9,76.4,6.61,66.3,51.4,2.5,3,7.4,1,1,Medium Risk
STU0566,87.9,67.0,3.6,34.1,48.3,4.8,0,7.5,0,1,Medium Risk
STU0567,62.3,71.9,7.66,90.1,89.3,4.3,0,6.7,1,0,Low Risk
STU0568,79.5,82.7,4.02,41.8,98.0,4.1,2,6.0,2,1,Medium Risk
STU0569,97.3,8.5,7.74,54.6,85.7,4.0,1,8.8,0,1,Medium Risk
STU0570,32.9,14.0,6.47,59.3,66.8,1.9,0,7.3,1,1,Medium Risk
STU0571,70.8,59.6,7.08,70.5,95.9,2.1,3,6.1,1,1,Medium Risk
STU0572,59.2,79.4,6.35,60.7,94.7,0.0,2,8.0,0,1,Medium Risk
STU0573,55.5,75.1,6.81,91.0,76.4,2.5,3,8.9,0,2,High Risk
STU0574,64.7,77.0,9.05,35.6,41.0,2.8,0,5.8,0,1,Medium Risk
STU0575,66.0,81.0,7.45,88.6,0.0,0.0,0,6.2,2,1,Medium Risk
STU0576,66.5,78.1,7.62,61.5,45.5,3.3,0,6.7,2,1,Medium Risk
STU0577,71.1,13.4,6.77,75.7,74.2,3.4,2,8.0,4,2,High Risk
STU0578,41.0,64.2,6.46,63.9,65.5,2.3,0,5.5,0,1,Medium Risk
STU0579,86.2,53.8,8.9,61.3,75.4,2.9,4,7.3,0,1,Medium Risk
STU0580,90.5,79.2,4.67,62.3,21.3,5.5,0,6.3,0,0,Low Risk
STU0581,35.0,52.5,7.92,81.6,39.0,3.5,1,8.2,1,1,Medium Risk
STU0582,90.5,78.8,5.69,47.1,90.8,3.0,0,6.0,0,0,Low Risk
STU0583,31.1,37.3,7.04,54.5,91.1,3.2,2,7.8,0,2,High Risk
STU0584,62.9,49.9,8.12,55.9,38.5,3.9,1,9.7,0,1,Medium Risk
STU0585,84.6,38.1,9.28,81.5,100.0,2.2,4,7.9,0,1,Medium Risk
STU0586,87.6,44.8,6.58,8.0,55.7,4.3,0,6.7,0,1,Medium Risk
STU0587,73.8,76.8,7.99,17.1,49.5,4.5,2,6.8,0,0,Low Risk
STU0588,74.6,42.7,2.9,74.9,66.3,2.6,2,7.1,0,1,Medium Risk
STU0589,64.8,82.9,7.02,26.6,56.7,5.5,0,4.7,0,0,Low Risk
STU0590,33.9,52.5,7.76,33.6,89.7,3.6,3,6.7,1,1,Medium Risk
STU0591,67.0,52.6,7.49,61.7,91.2,1.5,0,9.8,2,1,Medium Risk
STU0592,91.5,69.3,5.97,65.9,68.2,1.8,3,7.6,0,1,Medium Risk
STU0593,31.4,34.4,6.58,60.6,67.4,3.7,0,6.3,0,1,Medium Risk
STU0594,71.8,100.0,8.09,85.1,68.0,3.4,0,5.2,0,0,Low Risk
STU0595,32.3,47.8,6.49,88.3,82.0,5.2,0,8.4,0,1,Medium Risk
STU0596,83.8,63.2,8.52,65.8,79.3,2.4,0,10.3,0,0,Low Risk
STU0597,77.5,38.1,7.88,89.7,75.1,1.5,1,11.4,0,1,Medium Risk
STU0598,35.6,58.2,3.87,89.8,94.9,0.3,1,9.9,0,1,Medium Risk
STU0599,73.5,90.4,7.82,84.1,62.9,3.0,3,8.8,0,1,Medium Risk
STU0600,81.6,67.6,6.37,82.1,59.5,5.3,0,9.5,0,1,Medium Risk
STU0601,83.4,70.3,6.25,36.8,98.2,2.4,0,6.8,1,1,Medium Risk
STU0602,71.4,82.4,8.81,45.2,34.1,4.0,0,6.3,1,1,Medium Risk
STU0603,59.3,41.5,9.94,65.6,57.9,3.2,0,7.2,0,1,Medium Risk
STU0604,29.0,40.4,4.7,32.7,93.2,0.4,0,6.1,0,1,Medium Risk
STU0605,91.5,60.4,3.21,43.3,95.5,5.7,1,6.9,3,1,Medium Risk
STU0606,20.8,46.2,8.58,51.4,85.2,5.1,0,5.3,0,2,High Risk
STU0607,51.5,62.2,4.54,62.1,72.7,2.0,1,7.9,2,1,Medium Risk
STU0608,64.3,59.3,8.39,40.8,80.8,4.2,3,8.4,0,1,Medium Risk
STU0609,37.4,72.7,8.97,61.6,95.0,3.3,2,6.8,0,0,Low Risk
STU0610,72.3,6.0,7.2,50.7,97.8,5.1,0,9.2,0,1,Medium Risk
STU0611,74.0,40.9,7.26,82.0,72.0,1.2,2,8.8,0,1,Medium Risk
STU0612,32.4,55.1,7.21,79.8,95.0,1.2,1,5.0,1,1,Medium Risk
STU0613,60.5,56.8,9.04,36.9,96.4,4.4,2,6.4,0,1,Medium Risk
STU0614,84.0,71.4,6.29,43.5,40.4,0.4,4,4.3,0,1,Medium Risk
STU0615,52.8,67.0,6.46,67.5,87.4,3.7,5,6.8,1,1,Medium Risk
STU0616,78.3,33.0,8.09,61.3,60.2,0.8,0,8.0,2,1,Medium Risk
STU0617,69.2,51.3,7.96,88.9,88.9,4.4,1,5.3,0,1,Medium Risk
STU0618,90.7,48.1,8.91,81.2,66.1,0.9,0,5.1,0,0,Low Risk
STU0619,79.3,70.4,7.38,86.3,50.3,1.7,1,5.1,0,1,Medium Risk
STU0620,78.2,74.2,9.12,37.6,57.7,0.9,0,6.0,0,1,Medium Risk
STU0621,83.1,36.2,4.01,60.0,81.8,2.5,0,6.7,1,1,Medium Risk
STU0622,74.3,68.2,4.52,41.3,69.1,2.1,0,6.3,2,1,Medium Risk
STU0623,65.7,78.8,2.22,89.7,67.2,3.4,1,9.8,0,1,Medium Risk
STU0624,45.6,37.8,8.27,78.9,72.5,5.0,4,3.9,0,1,Medium Risk
STU0625,81.6,43.1,5.35,52.1,82.1,3.5,1,6.7,2,1,Medium Risk
STU0626,85.6,81.5,5.65,47.0,75.3,4.1,1,4.0,0,0,Low Risk
STU0627,88.2,54.6,8.69,42.5,99.6,3.0,0,8.9,1,0,Low Risk
STU0628,59.8,87.9,8.76,98.5,62.1,4.1,3,7.3,0,1,Medium Risk
STU0629,63.8,49.0,9.02,74.2,93.7,4.3,2,4.4,0,1,Medium Risk
STU0630,83.1,69.0,8.42,61.2,96.0,2.8,1,7.0,0,0,Low Risk
STU0631,90.5,70.7,4.59,41.8,95.2,3.9,0,7.4,0,1,Medium Risk
STU0632,100.0,43.8,8.28,48.5,81.6,1.9,0,5.9,0,1,Medium Risk
STU0633,68.2,10.4,7.83,47.3,86.1,4.1,1,11.1,0,1,Medium Risk
STU0634,100.0,65.1,8.46,79.3,58.1,2.3,3,7.2,0,0,Low Risk
STU0635,68.7,85.0,6.31,68.7,96.0,2.0,0,5.2,1,0,Low Risk
STU0636,55.9,82.4,5.44,46.4,52.5,3.4,0,5.3,0,1,Medium Risk
STU0637,59.5,53.3,6.22,35.5,58.0,3.1,1,8.7,2,2,High Risk
STU0638,53.3,27.6,7.14,53.1,70.5,2.2,1,9.9,0,1,Medium Risk
STU0639,79.8,60.6,8.87,84.2,70.3,1.5,2,4.1,0,0,Low Risk
STU0640,90.3,63.4,4.21,84.5,89.2,2.5,0,7.2,0,1,Medium Risk
STU0641,87.2,53.7,4.6,76.4,55.3,2.4,0,8.1,4,2,High Risk
STU0642,92.0,52.0,5.03,73.9,99.9,4.1,2,4.9,1,0,Low Risk
STU0643,34.4,63.0,7.57,48.0,91.6,3.1,3,7.8,0,1,Medium Risk
STU0644,73.4,18.9,7.43,70.9,95.7,5.1,1,7.3,0,1,Medium Risk
STU0645,76.7,75.6,6.3,28.6,73.7,4.8,0,8.3,0,1,Medium Risk
STU0646,81.2,76.8,7.16,77.8,91.3,4.0,1,8.0,0,0,Low Risk
STU0647,89.5,79.4,5.84,56.8,49.6,2.4,0,7.5,4,1,Medium Risk
STU0648,96.8,84.3,6.97,83.1,96.2,1.6,1,9.1,0,0,Low Risk
STU0649,77.9,59.7,7.9,42.3,91.4,3.9,0,7.9,3,1,Medium Risk
STU0650,64.8,91.6,8.78,71.9,64.5,4.3,0,5.5,1,1,Medium Risk
STU0651,85.8,60.4,7.52,50.9,90.4,1.6,0,7.4,0,1,Medium Risk
STU0652,47.7,73.4,4.97,70.5,44.9,2.6,0,8.2,0,1,Medium Risk
STU0653,46.2,64.9,5.9,49.6,26.5,5.3,1,8.2,0,1,Medium Risk
STU0654,46.7,79.1,5.23,90.9,89.6,3.9,2,7.0,0,1,Medium Risk
STU0655,43.5,85.4,6.96,78.4,91.7,2.3,0,6.6,0,1,Medium Risk
STU0656,50.3,40.4,6.26,59.0,89.5,4.1,1,7.6,0,1,Medium Risk
STU0657,76.3,84.0,8.2,85.4,53.8,0.2,0,5.6,0,0,Low Risk
STU0658,100.0,87.9,8.52,48.2,58.0,0.0,2,7.2,0,0,Low Risk
STU0659,51.1,70.7,5.85,69.6,91.1,2.1,2,5.7,4,1,Medium Risk
STU0660,55.9,91.3,7.78,43.1,100.0,5.1,0,6.0,4,2,High Risk
STU0661,27.8,54.4,6.11,51.9,91.6,4.8,1,7.0,0,1,Medium Risk
STU0662,50.5,21.1,6.01,30.4,91.1,3.5,1,7.4,1,2,High Risk
STU0663,28.9,62.1,7.43,45.8,67.5,4.8,0,6.6,1,1,Medium Risk
STU0664,75.4,72.8,5.93,79.2,51.4,2.6,2,8.9,4,1,Medium Risk
STU0665,100.0,72.5,8.89,27.3,92.3,6.2,0,7.7,0,0,Low Risk
STU0666,44.5,86.1,7.87,37.1,82.1,4.9,0,7.0,0,1,Medium Risk
STU0667,86.7,36.2,6.32,57.4,100.0,2.3,3,7.7,0,0,Low Risk
STU0668,67.4,55.2,5.13,53.2,88.0,0.4,0,6.2,0,1,Medium Risk
STU0669,65.4,55.7,4.9,59.0,76.4,5.1,0,4.6,1,1,Medium Risk
STU0670,96.2,67.4,8.89,57.9,58.1,4.4,2,9.7,2,1,Medium Risk
STU0671,85.4,54.9,3.63,82.7,82.0,1.1,0,6.0,0,1,Medium Risk
STU0672,46.1,78.7,6.89,85.8,21.9,4.0,1,8.4,0,1,Medium Risk
STU0673,24.3,88.9,7.81,40.9,91.6,4.3,0,4.2,2,1,Medium Risk
STU0674,85.1,70.5,5.61,69.8,40.2,1.8,0,6.9,4,1,Medium Risk
STU0675,48.2,83.1,5.63,40.0,85.1,5.4,1,9.8,0,1,Medium Risk
STU0676,62.5,86.9,8.81,55.7,69.9,2.8,0,10.1,1,1,Medium Risk
STU0677,41.2,32.3,8.87,94.3,39.1,2.8,2,9.4,0,2,High Risk
STU0678,27.1,43.6,5.47,79.3,75.5,4.1,0,7.6,0,1,Medium Risk
STU0679,68.8,25.5,8.5,36.5,66.1,4.9,0,5.4,3,1,Medium Risk
STU0680,83.7,53.9,7.42,71.2,99.8,3.7,1,8.9,0,1,Medium Risk
STU0681,89.7,37.6,7.0,93.6,57.1,0.8,0,6.5,0,0,Low Risk
STU0682,72.1,34.4,7.79,78.8,88.6,2.8,1,7.1,0,1,Medium Risk
STU0683,100.0,45.7,6.31,50.5,19.2,3.5,2,8.2,4,1,Medium Risk
STU0684,71.8,58.9,9.37,33.5,83.9,2.7,4,8.7,4,1,Medium Risk
STU0685,37.9,70.8,4.64,76.5,88.1,1.8,1,7.6,1,1,Medium Risk
STU0686,81.5,81.8,5.23,53.6,85.0,4.8,0,7.8,2,1,Medium Risk
STU0687,75.6,80.6,8.49,54.7,72.5,1.1,1,5.6,1,1,Medium Risk
STU0688,55.2,82.4,4.9,44.2,66.1,0.0,1,5.6,0,1,Medium Risk
STU0689,95.2,66.3,8.88,70.2,90.4,5.1,2,6.9,0,0,Low Risk
STU0690,84.1,44.7,8.72,78.2,100.0,2.3,1,7.5,0,0,Low Risk
STU0691,86.6,73.6,5.79,55.2,84.8,2.8,1,5.0,0,0,Low Risk
STU0692,89.2,35.6,5.84,72.0,34.2,3.8,0,8.2,1,1,Medium Risk
STU0693,77.3,76.6,7.16,44.9,89.9,4.1,0,10.5,2,0,Low Risk
STU0694,87.0,49.5,9.21,48.8,88.5,2.4,0,5.6,0,0,Low Risk
STU0695,22.4,76.0,3.82,75.1,71.3,2.3,0,5.8,0,1,Medium Risk
STU0696,20.1,39.4,4.85,90.6,44.0,2.7,4,6.3,0,2,High Risk
STU0697,46.7,64.5,9.08,48.6,13.7,1.0,1,4.2,0,1,Medium Risk
STU0698,39.9,49.5,1.32,53.5,78.9,2.8,1,6.5,1,2,High Risk
STU0699,75.7,44.4,4.2,33.3,93.1,2.1,1,7.3,3,2,High Risk
STU0700,61.7,68.0,7.45,63.9,93.1,3.2,0,5.7,0,0,Low Risk
STU0701,65.9,51.6,7.86,80.3,91.4,4.5,1,6.7,0,1,Medium Risk
STU0702,86.1,81.1,7.75,72.5,92.8,1.2,1,6.5,1,0,Low Risk
STU0703,49.2,52.3,2.25,36.8,95.9,2.5,0,7.5,1,1,Medium Risk
STU0704,54.4,74.9,5.73,86.8,41.0,3.0,0,4.0,0,1,Medium Risk
STU0705,86.7,43.4,2.68,59.8,93.2,4.4,1,5.1,2,1,Medium Risk
STU0706,61.9,74.1,6.9,87.5,81.4,0.4,0,5.8,1,0,Low Risk
STU0707,79.3,81.8,8.58,79.2,52.2,4.7,1,6.9,0,0,Low Risk
STU0708,89.9,65.1,8.6,70.3,24.7,5.2,2,7.2,1,1,Medium Risk
STU0709,35.3,84.8,6.27,46.4,87.6,2.1,0,6.6,0,1,Medium Risk
STU0710,91.6,52.5,5.76,36.0,84.0,0.0,4,7.8,0,1,Medium Risk
STU0711,71.6,69.4,7.75,72.9,49.2,1.5,1,6.0,1,1,Medium Risk
STU0712,58.7,49.2,8.16,27.5,100.0,0.8,3,5.5,0,1,Medium Risk
STU0713,90.0,68.5,8.43,41.4,56.6,2.3,2,7.3,0,1,Medium Risk
STU0714,59.7,73.1,7.02,84.0,89.5,5.4,2,6.0,1,1,Medium Risk
STU0715,80.9,28.1,6.72,52.7,53.2,0.0,2,7.0,0,2,High Risk
STU0716,92.4,56.6,7.69,54.4,43.1,0.9,3,9.3,0,1,Medium Risk
STU0717,93.0,86.7,6.62,35.5,80.0,2.2,0,8.2,1,1,Medium Risk
STU0718,84.9,60.5,6.58,83.2,81.2,1.6,4,4.5,0,1,Medium Risk
STU0719,64.2,90.6,7.97,82.6,65.3,2.3,0,9.2,1,1,Medium Risk
STU0720,91.3,72.7,8.03,51.5,93.7,4.3,0,4.6,0,0,Low Risk
STU0721,100.0,53.5,7.68,40.7,21.7,2.8,1,7.5,0,1,Medium Risk
STU0722,70.9,73.1,7.19,59.2,100.0,1.2,0,8.5,0,0,Low Risk
STU0723,65.1,76.9,8.98,23.3,96.7,3.6,0,5.3,0,1,Medium Risk
STU0724,39.4,53.0,8.42,56.7,97.7,4.5,0,4.6,0,1,Medium Risk
STU0725,42.6,43.7,5.71,40.1,81.3,2.9,0,9.4,0,1,Medium Risk
STU0726,85.2,77.5,8.6,52.6,100.0,5.4,0,6.8,1,1,Medium Risk
STU0727,78.0,76.5,6.76,85.5,9.4,3.0,1,7.0,1,1,Medium Risk
STU0728,88.8,75.2,6.24,31.7,50.0,0.9,1,6.8,0,1,Medium Risk
STU0729,60.7,64.7,8.51,23.7,99.1,0.6,0,9.1,0,1,Medium Risk
STU0730,64.9,58.5,10.0,73.2,77.6,2.8,4,7.8,0,1,Medium Risk
STU0731,78.9,60.9,4.72,45.0,55.5,4.7,0,7.7,1,1,Medium Risk
STU0732,69.1,69.2,7.0,45.0,93.1,1.6,1,10.1,0,0,Low Risk
STU0733,67.7,75.7,4.75,53.2,99.7,1.5,0,5.2,0,1,Medium Risk
STU0734,56.7,78.0,7.83,26.4,76.3,3.2,1,7.4,1,1,Medium Risk
STU0735,77.6,55.8,6.93,85.8,95.2,4.4,1,5.6,0,1,Medium Risk
STU0736,100.0,62.0,7.76,68.6,50.4,4.0,0,3.9,0,1,Medium Risk
STU0737,27.9,69.0,3.69,72.4,66.3,3.6,5,6.0,0,2,High Risk
STU0738,73.2,71.7,6.18,90.0,59.1,4.2,0,9.7,1,1,Medium Risk
STU0739,83.9,37.5,5.89,74.0,33.0,3.7,1,7.8,0,1,Medium Risk
STU0740,99.1,64.4,8.58,57.3,87.7,2.6,0,7.9,0,0,Low Risk
STU0741,40.4,62.7,7.01,80.2,91.1,4.6,1,6.7,0,1,Medium Risk
STU0742,69.7,82.0,7.42,45.9,84.4,3.7,5,7.4,0,0,Low Risk
STU0743,72.8,41.6,5.91,50.3,88.6,3.2,0,6.2,0,1,Medium Risk
STU0744,61.2,60.6,7.83,92.2,36.9,2.6,0,8.1,0,0,Low Risk
STU0745,75.0,83.5,6.09,87.6,96.6,2.0,1,7.5,0,1,Medium Risk
STU0746,74.8,41.2,8.64,90.8,92.3,1.7,1,10.2,0,1,Medium Risk
STU0747,90.0,49.5,4.62,64.8,88.2,4.3,2,7.3,1,0,Low Risk
STU0748,70.1,94.2,8.16,45.6,44.4,2.9,0,6.1,0,1,Medium Risk
STU0749,82.8,30.1,9.68,0.0,86.9,5.5,1,6.2,0,2,High Risk
STU0750,65.3,44.6,7.7,41.9,71.0,1.4,0,5.1,1,1,Medium Risk
STU0751,76.2,68.1,3.54,49.2,59.9,3.7,0,9.1,1,1,Medium Risk
STU0752,63.0,89.6,7.37,75.4,15.2,2.9,1,5.7,1,0,Low Risk
STU0753,56.6,18.5,7.51,76.0,42.6,3.8,0,7.3,0,1,Medium Risk
STU0754,58.8,57.2,4.12,56.8,82.5,5.0,2,7.1,0,1,Medium Risk
STU0755,64.6,42.0,4.92,78.4,76.6,2.5,0,3.7,1,1,Medium Risk
STU0756,44.7,70.6,3.18,38.8,37.3,2.6,0,8.4,0,1,Medium Risk
STU0757,74.4,78.8,6.46,78.1,81.4,4.0,2,7.3,1,0,Low Risk
STU0758,37.1,59.3,8.75,72.9,85.4,2.8,2,7.2,0,1,Medium Risk
STU0759,53.7,46.3,6.31,45.5,93.0,4.9,1,7.1,1,1,Medium Risk
STU0760,69.4,81.9,4.7,65.3,93.6,0.9,0,10.1,1,1,Medium Risk
STU0761,91.9,76.2,4.39,72.5,89.4,2.9,1,9.9,0,0,Low Risk
STU0762,64.6,78.7,5.01,26.1,88.3,1.4,1,5.9,2,1,Medium Risk
STU0763,65.3,49.5,6.87,79.2,100.0,0.6,2,6.5,0,1,Medium Risk
STU0764,80.3,38.4,7.65,49.0,75.1,4.1,2,7.0,0,1,Medium Risk
STU0765,59.1,42.0,4.39,61.0,82.1,3.8,2,5.6,0,1,Medium Risk
STU0766,56.3,59.9,7.12,56.5,34.2,4.8,5,7.7,3,2,High Risk
STU0767,91.0,45.5,8.91,76.3,81.0,1.7,4,8.4,0,1,Medium Risk
STU0768,59.0,51.0,4.28,40.2,89.1,3.7,4,5.8,0,1,Medium Risk
STU0769,61.3,17.1,5.21,99.4,84.5,4.7,1,6.5,0,1,Medium Risk
STU0770,65.5,65.1,7.32,82.1,33.2,2.8,0,10.3,1,1,Medium Risk
STU0771,83.6,67.3,8.22,79.9,58.4,0.2,1,6.5,0,0,Low Risk
STU0772,58.2,52.6,8.2,51.2,38.5,1.7,0,7.3,0,1,Medium Risk
STU0773,60.6,80.1,6.23,80.3,58.0,3.5,2,7.5,0,1,Medium Risk
STU0774,91.2,46.8,7.59,61.3,74.7,5.4,2,6.5,0,1,Medium Risk
STU0775,84.1,50.9,5.83,59.6,85.1,5.6,0,8.4,0,1,Medium Risk
STU0776,70.5,46.8,8.4,84.0,93.0,5.0,0,6.5,2,1,Medium Risk
STU0777,84.4,74.4,8.3,38.1,67.0,2.8,1,8.0,1,1,Medium Risk
STU0778,89.5,82.3,5.68,76.4,89.3,0.0,0,6.3,0,0,Low Risk
STU0779,80.0,46.2,5.0,59.7,76.6,2.9,1,5.2,0,1,Medium Risk
STU0780,55.6,37.9,3.15,80.7,90.1,1.0,0,7.1,0,1,Medium Risk
STU0781,34.2,61.2,7.63,92.3,83.9,0.8,0,8.7,0,1,Medium Risk
STU0782,29.0,66.5,6.46,80.1,67.9,1.1,1,7.1,0,1,Medium Risk
STU0783,72.0,64.6,6.69,74.4,39.0,4.1,2,8.3,1,1,Medium Risk
STU0784,78.6,57.4,6.09,37.1,63.7,1.6,0,5.3,1,1,Medium Risk
STU0785,45.9,29.7,9.34,66.7,100.0,3.7,1,6.4,0,1,Medium Risk
STU0786,58.2,18.6,8.52,77.4,41.8,4.9,3,6.6,4,2,High Risk
STU0787,50.7,26.1,9.88,80.5,26.6,0.9,0,4.5,0,1,Medium Risk
STU0788,91.6,75.9,4.11,48.7,90.3,0.9,2,7.5,0,1,Medium Risk
STU0789,66.9,78.7,6.65,85.3,64.0,4.3,2,8.8,0,1,Medium Risk
STU0790,64.7,5.1,5.73,47.4,71.3,1.8,1,6.8,0,2,High Risk
STU0791,20.8,73.5,7.43,70.2,50.4,0.3,0,8.4,2,1,Medium Risk
STU0792,88.3,73.0,5.41,75.8,88.3,3.7,0,7.9,0,0,Low Risk
STU0793,32.6,67.3,6.29,69.9,35.7,4.4,2,7.0,1,2,High Risk
STU0794,44.8,63.5,3.32,82.2,93.2,2.2,0,6.1,1,1,Medium Risk
STU0795,68.3,78.3,7.93,71.9,89.7,2.6,0,7.4,0,1,Medium Risk
STU0796,61.6,42.7,8.38,83.5,73.2,0.9,0,8.8,0,1,Medium Risk
STU0797,72.0,72.4,3.83,68.0,93.9,5.0,0,6.7,0,1,Medium Risk
STU0798,92.8,57.1,4.31,27.6,29.1,3.8,2,8.3,0,1,Medium Risk
STU0799,80.8,54.8,5.55,58.2,95.2,4.4,0,8.2,0,1,Medium Risk
STU0800,78.3,6.8,6.28,52.2,40.4,4.1,0,9.9,0,2,High Risk
STU0801,91.6,81.7,6.44,61.3,24.4,0.0,1,7.6,0,1,Medium Risk
STU0802,81.2,39.8,6.16,71.8,42.0,3.9,2,8.9,0,1,Medium Risk
STU0803,79.2,49.9,7.06,44.9,61.0,0.6,0,7.9,0,0,Low Risk
STU0804,65.2,80.0,7.94,39.1,96.4,3.7,0,8.7,3,1,Medium Risk
STU0805,75.5,55.9,5.87,81.4,49.4,0.9,0,6.4,1,1,Medium Risk
STU0806,58.0,89.5,7.88,73.6,92.9,4.1,1,5.7,0,0,Low Risk
STU0807,91.0,53.0,5.83,90.7,81.9,0.6,0,9.1,0,0,Low Risk
STU0808,52.5,77.9,7.57,41.8,65.6,2.5,2,8.7,0,1,Medium Risk
STU0809,96.5,84.6,4.03,42.1,70.9,1.8,4,5.2,0,1,Medium Risk
STU0810,63.8,32.1,8.07,70.6,80.2,4.0,0,6.7,0,1,Medium Risk
STU0811,89.9,74.1,6.79,80.2,94.1,4.1,5,7.4,4,1,Medium Risk
STU0812,67.3,83.0,4.13,79.0,91.3,4.1,1,5.7,0,1,Medium Risk
STU0813,76.5,57.4,7.7,92.8,20.4,0.0,0,7.9,0,0,Low Risk
STU0814,69.8,58.9,7.46,24.8,53.8,3.4,1,5.7,0,1,Medium Risk
STU0815,96.6,46.9,5.29,83.0,78.5,4.4,0,7.0,0,0,Low Risk
STU0816,78.4,54.6,5.13,69.7,65.6,6.3,3,10.5,0,1,Medium Risk
STU0817,58.8,82.6,4.26,45.5,70.6,4.2,2,8.5,0,1,Medium Risk
STU0818,59.6,66.0,5.23,79.3,90.2,5.3,1,8.4,0,1,Medium Risk
STU0819,77.4,43.5,5.23,61.3,74.3,1.7,2,7.1,0,1,Medium Risk
STU0820,87.4,55.4,7.41,30.4,80.9,2.0,1,7.6,2,1,Medium Risk
STU0821,69.7,50.9,7.75,30.2,92.5,1.7,1,9.4,0,1,Medium Risk
STU0822,50.3,34.6,8.12,65.4,19.5,4.1,4,5.0,1,1,Medium Risk
STU0823,29.6,71.1,4.81,82.2,35.1,1.7,0,3.4,1,1,Medium Risk
STU0824,85.9,38.5,6.49,22.7,34.7,3.2,0,6.0,0,2,High Risk
STU0825,31.2,55.4,6.21,41.2,84.1,0.8,1,4.4,0,1,Medium Risk
STU0826,78.8,16.7,5.76,63.8,35.2,4.1,4,7.1,1,2,High Risk
STU0827,59.7,29.0,4.2,64.4,93.2,0.6,2,7.6,2,2,High Risk
STU0828,42.6,68.7,7.07,87.1,41.1,4.2,3,8.6,2,1,Medium Risk
STU0829,66.4,76.1,6.96,55.8,87.6,2.3,2,4.9,2,1,Medium Risk
STU0830,78.3,53.0,6.16,89.8,91.1,3.5,4,9.1,1,1,Medium Risk
STU0831,72.1,41.4,7.53,57.5,98.4,2.2,0,4.4,1,1,Medium Risk
STU0832,83.2,72.4,7.68,85.6,89.1,3.2,0,8.9,0,0,Low Risk
STU0833,58.8,56.3,7.39,94.0,95.7,2.0,1,7.5,1,1,Medium Risk
STU0834,85.5,19.6,6.0,65.5,61.8,0.3,1,5.9,0,1,Medium Risk
STU0835,59.5,79.8,7.85,29.0,92.8,0.0,1,6.2,0,1,Medium Risk
STU0836,64.5,50.5,6.42,71.2,86.3,3.5,0,4.9,0,1,Medium Risk
STU0837,64.8,38.8,2.55,62.5,73.5,0.0,1,6.4,0,1,Medium Risk
STU0838,53.0,82.4,9.0,56.8,67.5,1.4,1,7.0,1,0,Low Risk
STU0839,89.1,70.7,4.85,63.5,20.5,1.7,1,6.5,1,1,Medium Risk
STU0840,66.2,47.2,8.69,61.1,69.0,4.4,1,5.5,0,0,Low Risk
STU0841,82.6,64.8,4.8,68.9,100.0,5.1,1,5.5,0,1,Medium Risk
STU0842,100.0,38.8,5.19,55.9,50.1,3.4,2,8.0,0,1,Medium Risk
STU0843,89.6,90.3,4.29,49.0,71.0,3.5,0,6.8,0,0,Low Risk
STU0844,46.3,41.7,7.75,83.5,61.0,2.7,1,5.5,0,1,Medium Risk
STU0845,42.2,42.9,5.64,42.4,97.8,5.1,2,7.6,0,1,Medium Risk
STU0846,49.3,77.5,3.86,65.4,64.7,0.9,1,5.2,0,1,Medium Risk
STU0847,68.3,32.9,6.05,86.0,86.1,6.0,3,5.3,0,1,Medium Risk
STU0848,88.2,60.6,5.91,54.4,94.4,2.1,1,4.6,0,1,Medium Risk
STU0849,39.2,38.1,7.73,89.9,55.4,4.6,3,7.1,1,2,High Risk
STU0850,82.4,77.4,7.36,65.1,93.0,2.3,0,5.0,0,0,Low Risk
STU0851,97.2,29.8,7.25,33.9,53.6,3.1,0,6.5,0,1,Medium Risk
STU0852,92.0,85.3,6.9,71.9,45.9,3.8,4,6.4,2,1,Medium Risk
STU0853,76.5,53.0,7.15,88.5,67.7,1.8,2,5.4,2,1,Medium Risk
STU0854,75.9,76.2,8.39,52.7,55.5,2.4,2,6.3,0,1,Medium Risk
STU0855,79.3,37.7,6.12,61.8,37.7,2.9,2,7.2,1,1,Medium Risk
STU0856,48.3,32.8,7.1,60.4,85.7,3.7,0,7.0,0,1,Medium Risk
STU0857,86.0,80.4,7.1,78.3,94.1,1.2,0,9.5,1,1,Medium Risk
STU0858,48.8,48.4,8.15,54.2,64.8,2.1,1,9.5,1,1,Medium Risk
STU0859,56.5,82.1,3.99,33.8,69.7,2.7,3,5.9,0,1,Medium Risk
STU0860,48.8,43.7,7.0,92.1,100.0,2.8,2,7.1,2,1,Medium Risk
STU0861,79.0,97.3,4.18,71.4,91.6,4.4,0,7.1,1,0,Low Risk
STU0862,76.6,75.9,6.0,54.3,97.1,2.8,4,7.3,0,1,Medium Risk
STU0863,78.8,37.3,9.11,90.7,85.4,0.7,2,7.3,1,1,Medium Risk
STU0864,62.3,84.7,7.79,85.7,92.7,2.4,2,4.0,0,0,Low Risk
STU0865,58.6,28.6,6.49,95.9,37.4,4.5,1,9.7,1,1,Medium Risk
STU0866,71.7,42.9,5.51,79.4,71.6,1.5,3,5.6,0,1,Medium Risk
STU0867,84.9,76.7,8.72,90.5,84.9,3.0,0,8.3,0,0,Low Risk
STU0868,62.7,59.7,6.53,40.3,83.6,2.6,2,6.1,1,1,Medium Risk
STU0869,63.4,77.8,8.96,53.5,100.0,3.6,0,4.0,0,0,Low Risk
STU0870,90.3,67.4,6.6,76.8,74.8,4.9,1,7.8,0,0,Low Risk
STU0871,75.0,57.4,9.23,42.9,88.2,1.5,3,6.4,0,1,Medium Risk
STU0872,49.4,50.7,1.74,81.1,53.3,3.0,0,3.4,0,1,Medium Risk
STU0873,77.6,43.3,9.23,80.7,92.5,4.6,1,6.7,1,1,Medium Risk
STU0874,60.3,83.4,6.52,77.3,100.0,1.6,0,6.2,1,1,Medium Risk
STU0875,65.2,43.9,7.44,72.8,75.3,4.6,1,7.7,0,1,Medium Risk
STU0876,70.2,42.4,6.88,21.2,42.2,2.4,5,8.6,0,2,High Risk
STU0877,41.2,70.3,8.1,51.1,93.2,3.4,0,8.1,1,1,Medium Risk
STU0878,90.0,83.3,4.68,71.5,79.8,4.5,4,8.8,0,1,Medium Risk
STU0879,33.9,75.3,5.5,100.0,88.8,4.1,1,4.1,0,1,Medium Risk
STU0880,100.0,78.8,3.79,72.4,95.8,1.8,4,6.1,1,1,Medium Risk
STU0881,60.8,55.1,6.98,34.6,100.0,5.3,1,7.7,0,1,Medium Risk
STU0882,81.2,36.7,7.53,66.8,9.5,5.2,1,5.2,0,1,Medium Risk
STU0883,68.6,53.6,6.58,57.0,90.7,2.8,3,6.4,0,1,Medium Risk
STU0884,70.9,25.3,8.0,100.0,92.1,0.4,1,8.7,1,0,Low Risk
STU0885,65.6,78.2,4.65,81.7,87.6,2.1,1,6.2,0,1,Medium Risk
STU0886,82.0,81.4,8.15,52.1,86.4,3.4,4,4.3,0,1,Medium Risk
STU0887,76.8,52.2,5.38,81.8,69.3,0.5,3,7.9,0,0,Low Risk
STU0888,83.4,37.5,4.07,84.3,76.1,2.3,2,7.3,1,1,Medium Risk
STU0889,80.8,89.2,8.67,73.2,74.5,2.9,1,7.4,0,0,Low Risk
STU0890,51.8,86.9,7.08,55.3,79.3,3.1,1,6.5,0,1,Medium Risk
STU0891,86.5,25.2,7.03,79.4,85.0,3.2,0,7.4,1,1,Medium Risk
STU0892,79.1,63.8,6.03,84.3,86.5,1.3,5,4.3,2,1,Medium Risk
STU0893,43.7,32.7,6.92,79.6,93.5,2.0,0,6.7,1,1,Medium Risk
STU0894,77.5,74.4,3.96,85.2,92.0,2.5,5,7.3,1,1,Medium Risk
STU0895,81.3,35.3,9.87,87.3,98.2,3.1,0,8.2,0,1,Medium Risk
STU0896,91.5,72.8,6.86,30.4,80.1,2.7,4,6.2,0,1,Medium Risk
STU0897,75.2,73.1,6.71,70.4,85.0,3.7,1,6.4,0,1,Medium Risk
STU0898,9.6,55.5,8.45,93.1,95.9,3.1,1,5.1,0,1,Medium Risk
STU0899,69.7,53.7,4.38,53.4,86.6,3.0,0,6.6,0,1,Medium Risk
STU0900,41.9,42.0,8.24,84.6,56.5,1.0,0,5.5,2,1,Medium Risk
STU0901,54.4,86.1,5.65,51.3,57.3,2.8,4,7.6,4,1,Medium Risk
STU0902,35.8,67.9,6.34,86.1,91.3,2.1,0,7.1,0,1,Medium Risk
STU0903,57.5,87.9,9.0,63.1,93.2,3.6,0,7.4,0,1,Medium Risk
STU0904,43.2,82.0,6.02,59.3,40.8,1.6,0,3.0,0,1,Medium Risk
STU0905,18.0,56.9,9.21,46.7,66.5,1.6,0,6.2,2,1,Medium Risk
STU0906,52.7,14.5,7.82,90.7,86.1,3.5,0,6.7,0,1,Medium Risk
STU0907,57.1,42.8,8.09,79.1,86.9,3.3,1,8.7,0,1,Medium Risk
STU0908,52.7,82.1,6.61,72.0,66.5,1.2,3,7.7,0,1,Medium Risk
STU0909,38.0,77.8,7.96,76.2,87.1,3.0,3,8.1,0,1,Medium Risk
STU0910,41.1,87.6,7.11,63.0,68.7,1.4,2,7.3,0,1,Medium Risk
STU0911,61.1,7.7,7.75,84.5,80.9,0.3,0,8.5,2,1,Medium Risk
STU0912,75.7,72.0,8.7,85.2,23.6,3.2,4,7.3,0,1,Medium Risk
STU0913,65.6,53.3,5.99,66.1,90.4,3.8,0,6.2,2,1,Medium Risk
STU0914,35.8,53.5,6.63,41.3,96.1,4.2,1,8.6,0,1,Medium Risk
STU0915,77.1,50.3,8.31,89.6,18.8,5.4,1,4.9,1,1,Medium Risk
STU0916,49.7,46.7,7.04,42.2,85.2,3.3,3,7.5,0,1,Medium Risk
STU0917,59.6,25.6,7.56,65.6,84.7,0.5,0,5.8,0,1,Medium Risk
STU0918,68.7,75.0,8.2,68.4,58.8,3.5,1,6.3,0,0,Low Risk
STU0919,56.9,35.7,7.3,58.9,58.1,2.7,0,6.3,1,1,Medium Risk
STU0920,81.8,79.1,6.41,86.0,97.3,1.7,0,7.2,0,0,Low Risk
STU0921,77.6,55.5,8.12,36.6,95.4,5.1,4,9.1,0,1,Medium Risk
STU0922,83.0,52.4,8.19,58.5,98.9,0.0,3,8.4,1,0,Low Risk
STU0923,33.7,46.9,7.17,70.2,92.5,3.1,0,8.1,1,1,Medium Risk
STU0924,86.9,66.4,7.81,37.3,86.4,2.6,0,6.0,0,0,Low Risk
STU0925,36.1,40.6,8.45,27.9,74.4,2.7,3,5.9,0,1,Medium Risk
STU0926,85.5,84.3,5.28,62.4,97.1,0.0,1,6.9,0,0,Low Risk
STU0927,89.6,68.7,8.83,58.4,97.7,3.5,0,5.4,0,0,Low Risk
STU0928,92.0,37.1,5.67,30.2,58.8,3.8,0,6.8,1,1,Medium Risk
STU0929,57.9,83.7,6.88,81.7,56.9,1.8,1,7.2,2,1,Medium Risk
STU0930,29.8,55.8,6.92,90.4,89.4,1.5,1,6.5,0,1,Medium Risk
STU0931,71.3,72.5,4.67,62.2,85.4,1.8,0,3.1,0,1,Medium Risk
STU0932,67.1,72.1,4.08,35.4,100.0,4.5,1,8.2,1,1,Medium Risk
STU0933,38.6,53.9,5.65,51.2,97.0,3.3,3,7.7,1,1,Medium Risk
STU0934,65.3,23.1,3.01,31.0,82.5,5.1,3,7.6,0,2,High Risk
STU0935,28.6,53.7,8.59,45.9,72.0,3.9,0,9.1,4,2,High Risk
STU0936,92.8,63.4,5.62,54.7,75.2,2.9,2,5.8,0,0,Low Risk
STU0937,52.0,22.2,5.47,76.3,96.8,1.2,5,6.2,0,1,Medium Risk
STU0938,37.0,63.9,4.12,42.2,94.4,3.2,1,8.9,1,2,High Risk
STU0939,74.0,70.0,6.1,36.7,80.7,4.7,0,7.9,0,1,Medium Risk
STU0940,75.1,92.1,6.05,61.9,83.7,2.8,0,7.0,1,0,Low Risk
STU0941,63.3,46.3,4.55,28.0,95.1,2.8,1,8.2,1,1,Medium Risk
STU0942,79.8,70.6,6.56,50.0,44.8,3.1,0,7.0,0,1,Medium Risk
STU0943,43.4,55.2,8.36,92.4,61.9,2.6,2,5.7,1,1,Medium Risk
STU0944,84.4,74.7,7.31,57.9,92.8,2.5,1,5.0,2,1,Medium Risk
STU0945,66.2,64.4,4.84,78.8,89.9,5.0,1,8.6,2,1,Medium Risk
STU0946,85.5,39.3,3.82,82.6,94.2,3.0,2,6.0,0,1,Medium Risk
STU0947,86.0,49.0,3.69,88.9,27.2,2.1,3,7.5,0,1,Medium Risk
STU0948,100.0,40.7,8.2,77.9,58.6,3.5,2,11.4,2,1,Medium Risk
STU0949,78.2,54.0,2.3,44.8,28.8,5.1,1,4.3,1,2,High Risk
STU0950,92.5,62.0,6.09,52.7,97.5,2.7,0,7.3,0,1,Medium Risk
STU0951,72.4,79.7,8.37,61.6,52.4,0.6,0,8.4,0,1,Medium Risk
STU0952,83.1,23.4,7.49,56.3,88.6,2.9,0,5.3,0,1,Medium Risk
STU0953,83.7,63.5,9.38,68.8,82.3,3.5,3,9.5,2,0,Low Risk
STU0954,81.9,60.3,5.84,83.3,87.8,6.2,1,6.7,1,1,Medium Risk
STU0955,49.6,64.1,8.92,47.8,47.1,2.6,1,6.7,4,1,Medium Risk
STU0956,95.2,51.2,4.5,76.4,93.2,2.1,0,10.0,1,1,Medium Risk
STU0957,55.0,79.4,3.63,49.1,61.3,2.4,1,8.2,0,1,Medium Risk
STU0958,94.4,26.6,6.25,74.6,74.8,2.6,0,7.7,2,1,Medium Risk
STU0959,39.8,66.4,6.44,58.8,70.4,5.3,1,7.4,0,1,Medium Risk
STU0960,76.9,76.9,5.59,91.0,88.6,2.2,0,9.1,0,0,Low Risk
STU0961,69.2,66.4,8.54,76.2,92.0,1.0,1,6.4,1,1,Medium Risk
STU0962,58.6,24.6,8.04,43.3,97.0,1.4,3,7.6,1,1,Medium Risk
STU0963,75.1,82.7,8.14,73.8,56.0,3.1,0,6.5,0,0,Low Risk
STU0964,69.2,81.5,6.27,61.5,89.2,3.6,0,8.0,0,0,Low Risk
STU0965,62.8,75.4,5.49,61.0,100.0,2.2,2,9.3,0,1,Medium Risk
STU0966,39.5,83.5,6.28,36.8,27.8,4.0,2,5.0,0,1,Medium Risk
STU0967,60.3,45.6,8.9,7.7,78.0,1.2,1,9.1,4,2,High Risk
STU0968,68.4,80.1,5.63,58.6,68.7,3.8,1,8.5,0,1,Medium Risk
STU0969,44.6,59.2,9.22,96.9,65.8,5.3,3,7.8,2,1,Medium Risk
STU0970,73.7,42.5,9.31,52.0,46.2,2.4,2,9.0,1,1,Medium Risk
STU0971,65.3,65.0,7.56,48.4,94.9,0.0,3,7.5,0,1,Medium Risk
STU0972,70.5,74.9,6.46,38.7,89.4,2.5,2,6.4,1,1,Medium Risk
STU0973,69.8,80.0,7.29,77.5,81.4,1.1,1,6.1,4,1,Medium Risk
STU0974,67.6,79.7,6.47,63.1,98.4,3.7,0,4.7,0,0,Low Risk
STU0975,53.7,78.6,9.0,84.4,93.9,3.1,0,8.0,2,1,Medium Risk
STU0976,80.9,58.5,6.31,42.5,66.6,2.4,1,9.2,1,1,Medium Risk
STU0977,63.9,46.5,8.89,31.3,64.9,3.7,0,6.5,0,1,Medium Risk
STU0978,51.4,35.6,6.41,24.6,63.3,3.1,0,6.3,0,2,High Risk
STU0979,46.9,75.1,6.43,79.9,29.6,1.6,0,5.2,0,1,Medium Risk
STU0980,72.8,25.6,6.71,41.8,89.1,2.3,1,8.6,0,1,Medium Risk
STU0981,51.6,42.5,6.95,57.3,93.5,3.0,0,12.0,0,2,High Risk
STU0982,87.6,69.3,5.7,28.3,24.5,2.3,0,6.7,1,1,Medium Risk
STU0983,43.4,82.0,5.02,82.6,93.3,3.7,2,7.3,0,1,Medium Risk
STU0984,85.0,33.1,4.9,71.0,94.8,0.7,1,7.5,1,1,Medium Risk
STU0985,71.5,50.4,8.15,54.4,73.6,1.8,1,6.9,0,1,Medium Risk
STU0986,54.8,48.2,6.04,54.7,64.8,0.3,1,8.5,0,1,Medium Risk
STU0987,35.2,57.5,6.81,39.0,58.1,1.3,0,8.9,3,2,High Risk
STU0988,49.5,77.2,7.59,91.4,10.6,3.5,3,7.6,0,1,Medium Risk
STU0989,57.6,42.2,6.52,83.4,17.8,1.3,2,9.3,4,2,High Risk
STU0990,70.1,9.7,7.97,87.4,94.7,4.3,1,6.5,0,1,Medium Risk
STU0991,90.1,75.2,4.92,75.0,68.7,0.8,1,8.5,1,1,Medium Risk
STU0992,82.7,54.4,9.06,50.6,75.9,1.2,5,8.4,3,1,Medium Risk
STU0993,67.2,23.1,8.26,72.3,100.0,4.8,0,7.1,0,1,Medium Risk
STU0994,23.1,73.9,7.71,81.2,58.9,5.4,3,8.5,0,1,Medium Risk
STU0995,82.3,57.9,5.66,89.3,89.8,2.3,1,7.9,1,1,Medium Risk
STU0996,74.4,61.0,6.66,37.9,78.5,1.6,2,6.7,1,1,Medium Risk
STU0997,92.6,45.7,5.92,94.3,68.3,2.9,4,5.9,1,1,Medium Risk
STU0998,90.1,14.9,4.92,11.0,54.7,1.3,0,4.8,2,2,High Risk
STU0999,51.7,48.7,8.04,45.9,45.0,0.7,1,5.4,0,1,Medium Risk
STU1000,78.7,73.1,4.99,35.1,97.6,0.8,2,6.5,1,1,Medium Risk
STU1001,35.0,49.2,7.8,72.3,95.9,3.5,2,6.8,0,1,Medium Risk
STU1002,58.4,25.2,5.68,54.4,56.1,4.9,0,5.1,0,1,Medium Risk
STU1003,86.9,65.7,8.71,63.9,80.1,4.7,0,7.6,1,0,Low Risk
STU1004,60.0,36.0,5.97,32.5,95.8,0.1,0,7.2,1,2,High Risk
STU1005,80.5,46.6,5.26,23.3,72.3,2.4,1,6.8,1,2,High Risk
STU1006,45.9,58.3,4.7,54.2,27.7,5.3,0,4.5,0,1,Medium Risk
STU1007,78.9,59.5,4.59,67.5,18.1,0.7,1,7.8,0,1,Medium Risk
STU1008,33.4,43.9,7.13,87.6,57.1,0.0,4,6.5,2,2,High Risk
STU1009,80.3,70.8,7.32,29.5,84.7,2.2,5,7.7,1,1,Medium Risk
STU1010,53.8,41.4,4.28,96.4,46.3,5.8,1,6.1,0,1,Medium Risk
STU1011,68.7,75.6,6.62,88.2,100.0,2.0,0,8.5,0,0,Low Risk
STU1012,68.7,83.8,8.45,66.9,61.6,3.7,0,6.2,1,0,Low Risk
STU1013,86.8,33.0,7.27,80.0,40.3,4.4,0,7.0,0,1,Medium Risk
STU1014,64.7,44.4,5.27,79.1,91.7,0.6,3,4.3,2,1,Medium Risk
STU1015,89.1,32.0,4.52,16.4,97.6,0.4,0,7.6,1,1,Medium Risk
STU1016,79.5,59.7,6.72,77.9,86.1,3.2,3,6.3,0,1,Medium Risk
STU1017,63.8,81.8,7.79,68.4,86.1,0.9,1,5.2,0,0,Low Risk
STU1018,57.7,43.2,7.37,59.6,67.5,1.7,2,7.9,2,2,High Risk
STU1019,67.2,45.3,7.26,82.7,100.0,1.3,3,7.5,0,0,Low Risk
STU1020,53.3,76.9,8.77,30.4,62.4,3.3,2,6.5,0,1,Medium Risk
STU1021,79.8,49.5,1.76,53.3,99.0,3.4,4,7.7,2,1,Medium Risk
STU1022,81.3,70.0,7.22,54.9,82.1,3.7,1,8.1,0,0,Low Risk
STU1023,54.0,83.5,7.59,57.0,44.8,1.3,1,5.9,0,0,Low Risk
STU1024,94.9,63.3,5.06,35.9,91.0,4.7,2,6.2,1,1,Medium Risk
STU1025,51.2,80.1,8.7,65.9,7.5,5.2,0,6.5,0,1,Medium Risk
STU1026,53.4,85.8,6.56,86.0,67.8,0.0,4,5.6,4,1,Medium Risk
STU1027,79.6,57.4,3.62,51.1,96.6,1.7,3,4.9,2,1,Medium Risk
STU1028,77.6,78.0,8.99,67.4,86.3,2.9,4,6.7,0,1,Medium Risk
STU1029,57.8,100.0,8.41,61.5,57.7,3.9,3,6.4,4,1,Medium Risk
STU1030,83.0,65.5,6.92,65.9,74.8,4.0,0,5.8,1,1,Medium Risk
STU1031,84.7,58.4,7.86,63.2,53.9,4.1,0,7.5,1,0,Low Risk
STU1032,84.1,81.0,9.36,60.0,87.4,0.0,3,8.1,0,0,Low Risk
STU1033,85.8,23.1,9.5,70.2,91.9,4.3,1,7.8,2,1,Medium Risk
STU1034,91.5,67.3,3.55,77.0,80.7,2.2,0,7.5,1,1,Medium Risk
STU1035,80.9,15.8,6.51,67.8,55.1,2.7,3,6.6,0,1,Medium Risk
STU1036,29.9,70.5,6.98,60.6,84.2,4.6,0,5.7,0,1,Medium Risk
STU1037,70.0,39.1,6.81,67.6,95.0,4.4,1,6.6,0,1,Medium Risk
STU1038,71.6,73.4,7.87,14.3,39.7,1.0,0,7.4,0,1,Medium Risk
STU1039,86.2,62.3,2.7,80.5,88.1,1.9,0,9.1,0,1,Medium Risk
STU1040,80.2,71.7,7.48,39.5,89.9,4.8,0,8.5,0,1,Medium Risk
STU1041,80.7,73.2,6.98,35.1,22.6,2.4,3,8.2,0,1,Medium Risk
STU1042,46.2,80.8,7.7,82.7,91.1,4.2,1,7.2,0,1,Medium Risk
STU1043,82.8,90.3,8.18,79.5,66.1,1.0,0,4.5,2,0,Low Risk
STU1044,84.9,46.7,8.74,6.7,84.8,1.4,1,8.4,0,1,Medium Risk
STU1045,100.0,50.6,6.54,32.4,91.1,3.7,1,6.7,0,1,Medium Risk
STU1046,86.6,69.1,7.65,71.6,19.8,3.7,1,7.5,0,0,Low Risk
STU1047,71.6,67.9,9.28,47.9,31.9,0.6,1,6.0,3,1,Medium Risk
STU1048,93.1,64.6,8.29,20.3,92.0,2.8,5,4.0,0,1,Medium Risk
STU1049,93.5,51.6,7.28,79.2,88.2,3.5,1,7.8,2,1,Medium Risk
STU1050,72.3,85.1,6.81,72.7,92.0,3.6,0,9.0,0,1,Medium Risk
STU1051,60.6,3.3,7.72,76.2,93.6,1.9,3,8.0,2,1,Medium Risk
STU1052,86.6,39.4,8.68,56.0,36.1,3.7,1,4.3,1,1,Medium Risk
STU1053,35.9,73.7,4.14,74.7,85.4,3.2,5,7.5,1,2,High Risk
STU1054,83.5,83.0,5.26,89.8,81.0,3.6,1,7.1,0,1,Medium Risk
STU1055,83.0,69.3,8.12,32.3,62.1,1.8,0,8.1,0,1,Medium Risk
STU1056,74.9,56.5,8.24,48.8,64.1,2.0,0,6.4,0,1,Medium Risk
STU1057,67.4,43.6,6.53,93.7,90.3,3.6,2,4.4,0,1,Medium Risk
STU1058,95.0,66.8,7.34,35.8,90.6,4.5,0,5.0,1,1,Medium Risk
STU1059,23.9,56.9,5.38,59.3,49.1,4.0,0,8.8,1,1,Medium Risk
STU1060,75.9,35.1,7.32,53.8,45.5,3.3,0,5.4,0,1,Medium Risk
STU1061,89.9,45.1,5.34,41.0,46.4,4.2,2,7.1,1,1,Medium Risk
STU1062,90.2,62.9,7.53,49.7,49.0,3.9,0,7.8,0,1,Medium Risk
STU1063,78.4,57.2,9.41,60.9,78.4,4.5,4,8.8,0,1,Medium Risk
STU1064,64.2,61.5,4.43,83.6,100.0,1.7,5,6.5,0,1,Medium Risk
STU1065,92.6,71.4,3.01,27.2,86.7,2.8,0,4.7,3,2,High Risk
STU1066,94.0,82.7,8.02,66.6,96.2,1.0,2,7.3,0,0,Low Risk
STU1067,84.7,63.8,6.79,33.1,78.0,2.9,0,8.0,2,1,Medium Risk
STU1068,85.9,54.9,8.75,76.5,78.2,3.1,0,7.1,0,0,Low Risk
STU1069,96.8,75.4,8.24,47.9,100.0,0.7,5,7.3,3,1,Medium Risk
STU1070,65.9,46.9,5.86,87.8,52.8,1.3,2,7.0,0,1,Medium Risk
STU1071,69.7,35.3,4.19,59.7,69.7,4.3,1,4.4,0,1,Medium Risk
STU1072,100.0,56.9,7.23,87.7,25.0,1.3,2,10.4,0,1,Medium Risk
STU1073,63.4,21.5,5.73,66.2,91.8,3.6,0,6.7,1,1,Medium Risk
STU1074,47.2,42.2,6.12,76.9,93.5,4.9,2,4.6,0,1,Medium Risk
STU1075,84.7,79.6,6.92,50.0,70.5,4.4,1,6.3,0,0,Low Risk
STU1076,46.2,35.1,7.8,82.0,99.3,5.7,0,7.0,1,1,Medium Risk
STU1077,66.8,79.9,6.83,74.8,85.3,3.8,2,4.8,1,0,Low Risk
STU1078,40.2,78.3,7.95,56.9,44.0,5.6,5,6.8,0,1,Medium Risk
STU1079,73.5,6.7,7.5,54.9,89.3,4.1,1,7.4,0,1,Medium Risk
STU1080,56.0,55.9,8.16,68.2,90.4,3.3,1,7.8,1,1,Medium Risk
STU1081,56.1,77.3,7.08,35.2,90.7,2.5,0,5.2,0,1,Medium Risk
STU1082,64.6,46.7,8.67,62.0,93.1,3.9,0,6.7,0,1,Medium Risk
STU1083,68.0,84.8,7.73,40.5,94.2,1.2,0,5.9,2,1,Medium Risk
STU1084,97.4,62.4,6.69,76.1,91.1,4.4,0,6.7,1,0,Low Risk
STU1085,67.3,69.9,4.92,64.2,98.4,1.7,3,4.8,1,1,Medium Risk
STU1086,45.0,78.2,6.93,100.0,90.1,2.8,2,8.2,0,1,Medium Risk
STU1087,58.5,68.8,6.06,64.6,100.0,5.3,0,8.0,0,0,Low Risk
STU1088,56.0,76.0,7.68,79.6,28.4,3.4,3,9.1,1,1,Medium Risk
STU1089,16.9,65.3,5.05,51.7,87.7,3.7,0,7.9,1,1,Medium Risk
STU1090,40.0,47.9,4.31,70.8,49.8,1.3,1,6.7,0,2,High Risk
STU1091,69.2,84.3,6.75,32.5,97.0,4.0,0,8.5,1,0,Low Risk
STU1092,43.4,82.6,3.91,89.2,96.4,3.3,3,6.6,1,1,Medium Risk
STU1093,85.4,91.1,7.05,92.7,87.1,0.8,0,7.2,2,0,Low Risk
STU1094,100.0,81.1,7.22,63.5,91.5,1.7,3,6.2,0,1,Medium Risk
STU1095,62.1,54.6,7.23,88.2,82.1,4.0,2,3.1,0,1,Medium Risk
STU1096,45.4,23.5,7.32,80.2,58.0,1.3,0,6.5,1,1,Medium Risk
STU1097,87.5,51.6,6.87,57.3,35.8,0.0,0,5.6,1,1,Medium Risk
STU1098,69.6,42.3,5.24,35.4,86.4,3.0,0,6.2,0,1,Medium Risk
STU1099,73.7,76.8,7.47,78.1,95.2,3.5,0,6.6,0,0,Low Risk
STU1100,71.6,77.0,5.97,81.5,57.3,0.9,1,8.9,0,1,Medium Risk
STU1101,24.7,85.1,5.64,51.1,86.1,4.5,2,9.6,0,1,Medium Risk
STU1102,96.6,51.6,7.58,58.1,86.4,1.7,3,6.7,0,0,Low Risk
STU1103,76.0,76.3,6.46,50.0,47.3,3.7,2,8.7,0,1,Medium Risk
STU1104,50.3,89.6,7.41,84.8,96.9,2.2,3,7.4,0,0,Low Risk
STU1105,64.5,73.2,7.87,78.2,84.2,0.8,0,7.6,0,1,Medium Risk
STU1106,76.6,50.1,8.75,84.7,91.6,0.2,0,8.4,2,1,Medium Risk
STU1107,92.7,71.5,7.86,61.6,93.3,5.0,3,7.9,0,0,Low Risk
STU1108,76.0,44.9,4.84,50.0,93.7,3.8,2,8.4,0,1,Medium Risk
STU1109,49.0,36.7,8.26,100.0,62.1,1.4,0,8.6,0,1,Medium Risk
STU1110,63.1,56.2,8.52,66.1,84.2,2.6,0,7.0,0,0,Low Risk
STU1111,79.0,45.2,8.17,80.3,98.7,3.5,0,6.3,0,0,Low Risk
STU1112,13.0,81.2,8.17,66.8,62.8,5.6,3,5.8,4,1,Medium Risk
STU1113,62.8,69.4,6.12,86.7,80.6,4.7,1,7.8,1,1,Medium Risk
STU1114,54.0,49.5,5.21,23.8,51.5,3.2,0,6.8,0,1,Medium Risk
STU1115,78.8,66.3,3.34,84.9,60.6,4.6,1,7.7,0,1,Medium Risk
STU1116,53.6,47.8,6.5,48.1,92.9,2.5,3,6.4,0,1,Medium Risk
STU1117,68.2,31.8,8.18,76.7,83.7,3.4,0,8.3,0,1,Medium Risk
STU1118,57.1,79.7,7.51,64.3,67.6,2.3,0,8.7,0,0,Low Risk
STU1119,75.5,76.5,7.81,81.6,100.0,4.6,1,5.3,0,1,Medium Risk
STU1120,61.3,58.7,6.33,49.9,76.4,5.0,3,7.0,0,1,Medium Risk
STU1121,67.0,38.8,5.37,23.1,89.5,3.2,3,5.5,0,2,High Risk
STU1122,95.7,81.8,5.47,54.9,71.8,2.8,1,7.1,0,1,Medium Risk
STU1123,85.7,70.7,8.53,62.9,56.6,1.6,5,7.1,1,1,Medium Risk
STU1124,52.2,68.2,8.61,66.5,67.4,3.3,1,6.5,0,1,Medium Risk
STU1125,45.3,55.7,6.1,80.0,90.8,2.7,1,8.6,2,1,Medium Risk
STU1126,85.7,66.2,8.0,42.5,66.9,3.7,0,7.0,1,1,Medium Risk
STU1127,69.7,52.9,7.03,30.1,55.0,2.9,3,8.3,1,2,High Risk
STU1128,91.6,61.1,2.86,96.9,61.2,3.0,1,6.9,0,1,Medium Risk
STU1129,66.5,33.3,5.64,28.1,25.9,3.4,0,7.4,0,2,High Risk
STU1130,79.8,35.1,8.37,73.7,92.7,3.7,0,7.9,1,1,Medium Risk
STU1131,99.7,38.7,8.85,80.1,78.3,3.0,2,7.3,1,0,Low Risk
STU1132,31.6,90.2,7.53,29.0,92.8,3.7,5,8.2,0,1,Medium Risk
STU1133,87.3,73.0,9.12,66.7,67.2,2.0,0,5.5,0,1,Medium Risk
STU1134,82.4,75.4,7.79,74.9,16.9,3.9,0,7.4,0,0,Low Risk
STU1135,82.5,80.1,5.73,25.5,98.3,2.7,1,8.5,0,1,Medium Risk
STU1136,89.1,24.0,7.92,87.9,44.2,2.8,1,9.2,0,1,Medium Risk
STU1137,82.3,83.3,5.93,94.3,93.2,3.0,1,9.4,0,0,Low Risk
STU1138,91.0,49.4,6.39,69.5,79.2,1.4,3,8.9,2,1,Medium Risk
STU1139,32.7,99.0,6.81,82.5,93.4,3.1,0,5.5,1,1,Medium Risk
STU1140,47.5,65.2,5.79,82.9,85.7,4.1,0,5.4,0,1,Medium Risk
STU1141,75.4,72.6,4.69,88.7,57.1,1.5,0,3.4,0,1,Medium Risk
STU1142,68.9,76.5,8.19,95.5,54.7,4.6,2,5.0,4,1,Medium Risk
STU1143,85.5,54.5,7.91,66.3,75.7,0.0,0,6.2,1,1,Medium Risk
STU1144,12.4,53.4,8.67,27.4,89.3,0.4,2,8.9,0,2,High Risk
STU1145,42.9,81.4,6.31,71.7,43.7,1.5,1,9.9,1,2,High Risk
STU1146,69.2,46.0,4.43,68.5,94.8,5.2,2,9.8,0,1,Medium Risk
STU1147,76.5,43.6,3.22,93.2,76.9,3.2,0,5.8,0,0,Low Risk
STU1148,77.1,78.7,5.34,53.9,84.8,4.0,1,8.6,1,0,Low Risk
STU1149,94.5,61.8,7.13,47.8,87.1,3.2,1,6.7,0,0,Low Risk
STU1150,46.0,26.3,4.61,70.6,31.2,6.1,0,6.9,3,2,High Risk
STU1151,21.1,79.5,9.06,80.3,86.9,1.6,0,7.8,3,1,Medium Risk
STU1152,74.1,46.5,8.01,27.5,47.3,1.7,1,9.4,1,1,Medium Risk
STU1153,53.1,51.4,6.36,93.4,92.4,4.3,0,9.5,0,1,Medium Risk
STU1154,75.3,81.7,7.75,58.5,99.3,1.3,3,7.9,0,0,Low Risk
STU1155,85.8,59.5,8.07,78.4,39.6,3.2,0,4.4,1,1,Medium Risk
STU1156,92.1,69.9,6.23,56.8,36.0,5.9,0,4.6,1,1,Medium Risk
STU1157,87.1,70.0,7.72,52.3,96.1,5.3,2,6.8,0,0,Low Risk
STU1158,72.8,59.7,5.89,81.9,44.1,2.8,0,8.8,0,1,Medium Risk
STU1159,98.4,78.1,7.82,14.1,99.9,5.1,0,8.0,0,0,Low Risk
STU1160,21.0,60.2,5.37,91.3,97.0,0.8,2,5.0,2,1,Medium Risk
STU1161,90.2,13.8,5.9,75.5,47.7,4.8,0,6.6,0,1,Medium Risk
STU1162,92.3,43.8,5.84,67.5,95.5,4.6,1,10.4,2,0,Low Risk
STU1163,82.4,44.2,9.12,90.2,46.9,1.2,0,7.0,0,1,Medium Risk
STU1164,86.0,32.5,7.46,95.7,46.9,2.2,2,3.0,1,1,Medium Risk
STU1165,46.8,55.7,4.97,43.5,54.3,1.9,0,6.4,0,1,Medium Risk
STU1166,80.3,50.8,8.25,80.4,54.2,1.8,1,8.4,0,0,Low Risk
STU1167,88.6,80.0,7.81,83.9,35.8,1.0,2,6.3,0,1,Medium Risk
STU1168,97.0,63.1,6.06,44.2,31.4,5.4,3,6.7,3,1,Medium Risk
STU1169,45.7,68.0,6.2,54.8,78.7,2.5,0,7.8,0,1,Medium Risk
STU1170,81.1,79.4,7.96,68.4,90.7,3.1,1,8.2,0,0,Low Risk
STU1171,53.3,50.7,4.52,33.2,66.2,1.3,0,6.0,0,1,Medium Risk
STU1172,67.5,77.8,4.99,34.7,74.9,3.1,1,5.5,1,1,Medium Risk
STU1173,15.3,81.7,4.96,87.7,70.5,1.7,0,6.2,0,1,Medium Risk
STU1174,92.0,76.3,4.08,85.5,24.1,4.8,0,6.7,2,0,Low Risk
STU1175,40.7,46.6,4.82,84.7,98.1,0.5,0,8.3,0,1,Medium Risk
STU1176,62.4,40.7,7.69,66.2,82.4,1.2,1,8.0,1,1,Medium Risk
STU1177,40.5,24.3,5.29,73.1,72.8,2.4,0,8.6,1,2,High Risk
STU1178,38.6,71.7,8.39,26.5,90.3,4.2,2,6.8,0,1,Medium Risk
STU1179,64.0,38.3,6.42,9.0,42.7,4.7,0,8.1,0,1,Medium Risk
STU1180,59.8,28.5,6.91,84.9,66.2,1.4,2,6.8,0,1,Medium Risk
STU1181,21.6,51.9,5.52,97.6,81.8,1.1,3,4.6,0,2,High Risk
STU1182,18.0,55.9,5.85,60.4,56.9,1.3,0,4.5,1,1,Medium Risk
STU1183,67.4,47.1,6.17,60.3,78.4,2.6,0,7.6,0,1,Medium Risk
STU1184,31.4,67.8,6.04,81.2,30.9,1.5,1,7.1,1,2,High Risk
STU1185,77.8,37.1,4.85,78.8,93.9,3.8,5,7.0,0,1,Medium Risk
STU1186,80.6,81.2,6.93,47.0,60.0,3.0,2,7.5,0,1,Medium Risk
STU1187,94.3,60.7,8.73,83.1,70.7,4.5,2,7.3,0,0,Low Risk
STU1188,55.7,71.7,8.11,67.2,91.3,3.0,2,9.2,1,1,Medium Risk
STU1189,65.9,72.1,9.13,36.7,39.0,1.1,0,5.3,1,1,Medium Risk
STU1190,71.4,33.7,7.05,83.1,90.4,2.2,0,9.2,1,1,Medium Risk
STU1191,51.8,63.2,4.62,61.2,94.6,3.2,0,6.2,0,1,Medium Risk
STU1192,68.5,54.5,7.5,57.6,59.9,2.3,3,5.9,1,1,Medium Risk
STU1193,59.6,51.4,7.37,77.3,44.0,5.5,0,6.6,0,1,Medium Risk
STU1194,59.7,6.8,8.83,81.1,30.4,3.0,1,5.5,2,1,Medium Risk
STU1195,68.2,80.0,6.64,82.7,79.8,2.2,0,6.3,0,0,Low Risk
STU1196,59.8,88.7,5.76,24.7,48.6,5.1,0,7.7,2,1,Medium Risk
STU1197,38.3,77.3,8.76,87.0,13.5,4.5,0,7.6,0,1,Medium Risk
STU1198,87.9,19.7,5.96,30.2,67.7,2.0,2,3.0,0,1,Medium Risk
STU1199,89.9,57.1,6.09,74.9,43.1,1.8,1,6.7,4,1,Medium Risk
STU1200,57.0,41.4,5.36,76.2,50.7,2.4,0,5.4,1,1,Medium Risk
STU1201,77.6,42.8,4.45,65.0,56.6,6.3,3,8.4,0,1,Medium Risk
STU1202,84.5,42.6,4.32,74.4,85.2,2.9,1,7.7,0,1,Medium Risk
STU1203,64.2,52.4,8.05,46.0,14.5,4.2,5,7.1,0,1,Medium Risk
STU1204,44.7,89.4,6.3,39.9,83.2,2.8,3,8.9,0,1,Medium Risk
STU1205,77.0,51.2,4.32,72.1,89.8,3.2,0,6.3,0,1,Medium Risk
STU1206,61.0,35.6,8.81,79.3,50.8,2.0,3,6.9,1,1,Medium Risk
STU1207,7.0,73.9,4.67,50.9,91.9,6.2,1,8.3,1,1,Medium Risk
STU1208,61.5,83.6,6.1,74.6,59.8,1.5,2,7.3,0,1,Medium Risk
STU1209,100.0,73.3,4.78,55.9,23.7,2.0,0,6.7,0,1,Medium Risk
STU1210,78.5,44.9,4.99,85.1,39.1,0.0,0,6.1,0,1,Medium Risk
STU1211,62.9,64.9,6.07,73.9,63.7,3.6,2,7.3,0,1,Medium Risk
STU1212,50.3,67.1,5.99,78.8,94.4,1.2,0,6.1,0,1,Medium Risk
STU1213,86.9,75.9,9.24,53.3,86.9,2.9,1,7.3,0,0,Low Risk
STU1214,74.1,76.6,7.34,78.1,60.2,4.7,3,8.3,2,1,Medium Risk
STU1215,54.2,10.5,9.51,63.6,57.1,0.3,0,6.9,0,1,Medium Risk
STU1216,53.2,43.3,5.44,57.5,97.7,0.5,0,8.0,0,2,High Risk
STU1217,81.3,77.2,4.67,49.4,13.0,3.9,1,4.0,2,1,Medium Risk
STU1218,71.5,59.8,5.1,71.1,91.3,1.2,0,7.7,0,1,Medium Risk
STU1219,83.5,85.3,6.48,76.6,90.1,5.1,1,7.3,0,1,Medium Risk
STU1220,82.8,66.9,5.3,83.0,1.0,3.1,3,6.0,0,1,Medium Risk
STU1221,24.8,78.6,9.04,85.4,87.0,2.6,3,6.9,0,1,Medium Risk
STU1222,12.7,73.8,6.01,70.6,81.6,1.5,0,6.4,0,1,Medium Risk
STU1223,79.3,45.3,7.33,19.9,82.6,1.6,0,6.6,0,1,Medium Risk
STU1224,82.0,77.7,8.14,74.7,94.9,2.3,1,7.7,0,0,Low Risk
STU1225,89.9,50.3,5.37,32.4,25.3,2.1,2,6.7,3,1,Medium Risk
STU1226,81.2,54.4,6.9,58.3,99.1,2.9,1,7.2,3,1,Medium Risk
STU1227,88.2,71.1,9.09,78.0,85.4,3.2,3,4.8,0,1,Medium Risk
STU1228,84.8,63.1,6.65,24.6,77.4,2.5,0,7.8,1,1,Medium Risk
STU1229,43.6,71.3,7.83,17.0,93.4,1.1,1,7.0,2,1,Medium Risk
STU1230,77.7,35.3,9.66,55.5,93.9,2.2,0,8.2,1,1,Medium Risk
STU1231,87.2,74.3,8.36,4.3,67.4,4.4,0,5.5,1,1,Medium Risk
STU1232,52.0,41.5,4.07,67.3,73.7,0.9,2,8.3,0,1,Medium Risk
STU1233,31.8,28.9,8.57,75.0,39.6,1.5,5,6.4,3,2,High Risk
STU1234,44.7,69.8,5.08,78.6,95.7,2.2,1,7.7,0,1,Medium Risk
STU1235,86.9,78.9,7.1,85.0,100.0,3.4,2,7.4,0,0,Low Risk
STU1236,63.9,56.2,6.17,49.2,40.2,4.1,0,6.2,0,1,Medium Risk
STU1237,42.3,73.6,3.12,34.6,94.2,4.7,1,5.5,0,1,Medium Risk
STU1238,85.0,55.1,5.44,63.6,97.8,1.8,4,7.8,1,1,Medium Risk
STU1239,56.6,80.6,7.63,91.9,87.7,3.1,0,8.2,3,1,Medium Risk
STU1240,72.6,32.4,6.6,85.7,79.6,0.8,0,5.6,2,1,Medium Risk
STU1241,81.6,75.8,5.95,72.2,90.3,3.7,0,5.4,0,0,Low Risk
STU1242,82.3,35.4,6.73,60.2,90.1,0.1,4,6.5,2,1,Medium Risk
STU1243,67.2,51.4,5.6,80.8,98.4,2.5,0,8.0,0,1,Medium Risk
STU1244,28.2,72.2,7.82,42.3,89.8,4.9,0,4.1,0,1,Medium Risk
STU1245,69.2,62.0,8.71,33.9,48.5,1.7,2,8.0,1,1,Medium Risk
STU1246,80.5,78.1,5.34,93.1,63.5,1.4,1,7.5,1,1,Medium Risk
STU1247,73.4,61.6,3.88,55.2,72.3,2.3,0,5.9,1,1,Medium Risk
STU1248,67.1,60.7,8.13,70.0,57.7,3.7,2,6.2,2,1,Medium Risk
STU1249,42.4,43.4,3.32,83.1,0.0,2.1,0,6.6,1,2,High Risk
STU1250,90.8,85.2,8.27,56.9,49.3,0.9,0,9.6,1,1,Medium Risk
STU1251,78.1,56.0,7.79,70.5,94.6,2.1,0,7.4,0,1,Medium Risk
STU1252,83.9,59.9,6.58,48.0,60.0,4.1,0,9.2,3,1,Medium Risk
STU1253,89.3,44.0,7.6,68.2,50.9,1.6,1,4.8,1,0,Low Risk
STU1254,48.0,80.1,8.44,81.9,11.2,0.8,0,7.9,0,1,Medium Risk
STU1255,51.1,61.5,6.8,70.7,62.3,4.0,2,8.3,0,1,Medium Risk
STU1256,85.7,63.4,5.47,60.7,52.8,1.8,0,5.2,0,1,Medium Risk
STU1257,61.4,23.5,9.44,82.6,86.1,2.9,4,6.8,0,1,Medium Risk
STU1258,55.4,33.7,6.09,77.0,97.7,1.9,3,8.1,0,1,Medium Risk
STU1259,22.3,38.6,7.42,74.8,53.3,1.3,0,8.8,1,2,High Risk
STU1260,35.3,84.5,6.09,78.7,51.3,5.7,4,6.1,0,2,High Risk
STU1261,76.9,54.1,6.43,52.8,48.8,0.0,0,6.7,0,1,Medium Risk
STU1262,77.8,30.0,7.23,27.7,94.1,5.2,0,9.6,0,1,Medium Risk
STU1263,85.7,63.8,3.84,39.9,89.1,3.5,0,6.4,0,1,Medium Risk
STU1264,78.5,77.1,7.55,40.1,81.6,0.7,0,7.1,0,1,Medium Risk
STU1265,88.0,85.4,9.25,87.5,85.5,5.1,1,6.9,0,0,Low Risk
STU1266,72.6,31.5,4.82,66.9,90.1,0.0,0,6.2,2,2,High Risk
STU1267,72.7,48.9,5.68,56.0,70.4,2.0,0,6.0,1,1,Medium Risk
STU1268,90.4,70.6,9.1,67.7,92.5,3.7,1,6.9,0,0,Low Risk
STU1269,90.2,21.5,8.37,67.8,92.5,3.0,5,4.9,0,1,Medium Risk
STU1270,57.7,16.8,8.49,44.9,32.7,1.7,2,6.2,1,2,High Risk
STU1271,37.9,16.5,6.71,45.4,98.4,4.1,1,5.7,0,2,High Risk
STU1272,87.6,26.0,6.69,58.3,94.6,2.4,0,5.4,0,1,Medium Risk
STU1273,75.4,63.6,3.62,48.8,96.9,2.5,1,7.1,0,1,Medium Risk
STU1274,67.9,52.6,9.58,61.0,86.7,3.2,0,10.1,2,1,Medium Risk
STU1275,73.2,56.8,4.5,73.6,50.4,4.7,0,6.7,0,1,Medium Risk
STU1276,69.4,29.7,4.15,82.3,77.1,0.0,3,7.4,2,2,High Risk
STU1277,93.5,76.1,4.46,94.5,25.4,0.0,3,4.8,0,1,Medium Risk
STU1278,52.7,89.4,3.59,83.0,70.6,2.2,1,8.1,0,1,Medium Risk
STU1279,42.0,35.4,5.22,32.4,89.9,4.0,1,6.6,1,2,High Risk
STU1280,74.0,65.9,7.38,26.5,72.8,3.7,2,5.1,0,1,Medium Risk
STU1281,73.7,63.1,7.33,31.1,66.4,1.6,2,7.2,4,1,Medium Risk
STU1282,89.6,65.2,7.25,48.6,20.0,2.1,0,8.7,2,1,Medium Risk
STU1283,67.3,46.4,5.43,56.9,30.6,4.2,3,7.7,0,2,High Risk
STU1284,73.2,70.1,8.58,74.6,100.0,2.1,0,6.7,3,1,Medium Risk
STU1285,65.3,39.8,8.03,99.6,96.7,0.1,3,5.4,2,1,Medium Risk
STU1286,77.0,44.7,7.46,53.4,67.5,4.6,0,7.3,1,1,Medium Risk
STU1287,49.4,31.8,6.39,82.0,58.7,3.5,4,6.3,0,1,Medium Risk
STU1288,44.6,26.9,7.74,69.1,24.6,5.5,1,6.1,0,1,Medium Risk
STU1289,77.2,34.5,2.13,62.6,73.0,5.3,1,8.4,0,1,Medium Risk
STU1290,56.1,67.2,8.15,90.2,72.3,2.6,1,7.8,0,0,Low Risk
STU1291,40.0,86.8,3.73,70.6,49.5,1.7,0,6.1,0,1,Medium Risk
STU1292,48.0,58.5,6.53,44.4,77.0,1.5,1,7.5,0,1,Medium Risk
STU1293,94.3,38.4,6.58,82.9,80.1,5.0,0,6.2,0,1,Medium Risk
STU1294,87.7,66.0,4.94,61.5,97.7,4.3,0,3.7,2,0,Low Risk
STU1295,41.1,72.6,6.28,85.7,55.8,3.7,1,7.2,0,1,Medium Risk
STU1296,61.3,48.2,4.58,56.5,89.4,2.3,1,6.5,2,1,Medium Risk
STU1297,89.0,70.8,4.63,26.7,81.1,4.3,4,5.7,0,1,Medium Risk
STU1298,68.4,27.3,7.84,83.1,85.2,1.9,0,7.1,0,0,Low Risk
STU1299,61.9,85.4,7.92,57.9,41.3,2.7,0,7.6,1,0,Low Risk
STU1300,75.0,69.5,6.29,46.8,68.4,3.6,2,6.7,0,1,Medium Risk
STU1301,51.4,71.2,4.08,58.8,93.0,0.0,1,8.3,0,1,Medium Risk
STU1302,64.2,72.7,6.0,66.0,95.6,2.5,2,4.3,0,1,Medium Risk
STU1303,67.8,39.1,5.03,72.7,63.2,3.9,1,4.9,0,1,Medium Risk
STU1304,59.5,23.1,5.39,91.8,77.9,2.1,3,6.6,0,1,Medium Risk
STU1305,28.9,41.2,7.28,92.7,89.8,3.0,1,5.5,0,1,Medium Risk
STU1306,71.5,47.7,9.14,71.3,60.5,2.2,2,6.2,0,1,Medium Risk
STU1307,87.0,18.8,4.01,68.2,91.9,1.9,1,7.8,1,1,Medium Risk
STU1308,78.7,71.0,7.3,22.4,66.4,3.4,1,6.0,0,1,Medium Risk
STU1309,52.0,75.4,5.73,52.2,87.7,1.4,0,6.6,0,1,Medium Risk
STU1310,89.0,40.7,7.6,79.5,90.6,0.5,1,6.5,0,1,Medium Risk
STU1311,72.0,79.6,4.63,53.4,93.2,1.1,0,6.9,0,1,Medium Risk
STU1312,78.4,36.4,5.58,68.9,64.0,1.1,1,8.1,3,1,Medium Risk
STU1313,1.2,93.8,6.08,79.9,91.4,2.2,0,9.4,1,1,Medium Risk
STU1314,63.5,59.4,7.3,50.6,91.2,4.2,0,7.5,0,1,Medium Risk
STU1315,41.3,52.1,7.34,31.3,69.4,3.4,3,5.9,0,2,High Risk
STU1316,70.9,48.4,8.06,77.6,59.7,2.7,4,7.3,2,1,Medium Risk
STU1317,61.9,87.0,9.42,87.1,89.6,3.6,1,7.2,0,1,Medium Risk
STU1318,73.6,72.6,6.61,85.9,23.4,4.2,0,7.5,0,1,Medium Risk
STU1319,92.6,5.3,5.94,71.2,83.4,3.3,3,4.9,3,1,Medium Risk
STU1320,30.0,82.6,6.88,88.7,37.4,3.5,1,7.1,0,1,Medium Risk
STU1321,88.7,66.2,7.26,71.0,83.6,5.2,5,5.9,0,1,Medium Risk
STU1322,91.3,10.3,5.2,49.9,73.7,1.7,2,7.0,0,1,Medium Risk
STU1323,95.4,76.0,6.93,79.6,49.0,0.0,0,6.2,1,1,Medium Risk
STU1324,33.0,83.5,6.45,45.8,58.5,1.7,1,8.8,0,1,Medium Risk
STU1325,86.6,33.8,6.95,90.4,60.7,5.5,1,6.1,1,0,Low Risk
STU1326,90.1,62.9,6.2,81.3,56.0,2.6,0,7.8,0,0,Low Risk
STU1327,41.3,86.2,7.0,46.7,55.8,2.7,0,6.0,0,1,Medium Risk
STU1328,72.6,56.9,8.96,14.9,56.4,3.1,0,8.8,0,1,Medium Risk
STU1329,64.0,59.6,8.59,28.0,52.4,2.0,1,8.1,3,1,Medium Risk
STU1330,77.2,63.5,7.43,50.6,64.8,4.5,1,7.8,0,0,Low Risk
STU1331,54.7,56.7,9.03,80.7,43.5,1.5,0,6.9,1,1,Medium Risk
STU1332,85.9,71.9,2.51,27.0,95.6,4.6,1,5.8,0,1,Medium Risk
STU1333,77.7,57.6,6.24,79.1,94.1,1.1,3,7.0,2,1,Medium Risk
STU1334,70.9,65.0,8.88,25.7,92.3,0.9,0,9.1,1,1,Medium Risk
STU1335,84.1,49.2,8.61,21.9,90.2,2.7,3,8.3,0,1,Medium Risk
STU1336,79.6,78.1,6.3,59.0,67.1,2.7,0,3.4,0,1,Medium Risk
STU1337,80.4,85.1,4.91,50.6,8.2,3.1,3,8.9,0,1,Medium Risk
STU1338,38.5,71.9,5.17,27.3,100.0,3.6,0,8.4,2,1,Medium Risk
STU1339,55.4,55.8,8.63,59.7,87.8,2.7,0,7.1,2,1,Medium Risk
STU1340,90.7,67.0,7.24,35.0,45.0,3.2,0,4.4,0,1,Medium Risk
STU1341,64.8,46.9,7.37,36.8,84.4,4.4,5,6.9,1,1,Medium Risk
STU1342,57.7,75.5,5.87,71.8,25.8,2.2,2,7.5,0,1,Medium Risk
STU1343,79.6,68.5,6.19,43.7,57.9,0.9,0,8.3,0,1,Medium Risk
STU1344,53.2,43.7,9.92,93.3,50.7,4.5,1,9.2,1,1,Medium Risk
STU1345,54.3,45.9,6.53,62.7,86.6,2.8,0,7.0,0,1,Medium Risk
STU1346,47.9,77.5,6.58,64.7,93.2,3.1,0,6.3,1,1,Medium Risk
STU1347,81.9,55.4,7.34,79.1,81.5,3.1,1,5.6,0,1,Medium Risk
STU1348,40.2,83.0,5.28,59.2,90.1,4.2,0,8.2,0,1,Medium Risk
STU1349,89.4,37.8,4.53,34.9,71.0,2.4,0,9.7,1,1,Medium Risk
STU1350,65.8,49.5,4.83,92.7,60.9,2.7,4,8.8,0,1,Medium Risk
STU1351,91.6,74.1,5.89,76.7,51.5,2.2,4,5.7,0,1,Medium Risk
STU1352,58.8,73.0,10.0,68.8,92.8,3.4,0,9.1,1,0,Low Risk
STU1353,88.9,63.2,7.65,84.7,91.5,2.1,1,6.5,3,1,Medium Risk
STU1354,56.8,63.0,6.35,86.4,77.2,4.0,0,9.5,1,1,Medium Risk
STU1355,56.7,78.7,6.42,80.5,85.3,3.9,1,7.7,0,1,Medium Risk
STU1356,85.4,32.4,8.84,49.3,84.4,3.4,1,6.2,0,1,Medium Risk
STU1357,57.7,9.4,8.42,78.5,59.7,5.7,4,7.5,0,2,High Risk
STU1358,41.6,35.7,8.76,77.4,40.3,5.3,0,4.4,1,1,Medium Risk
STU1359,46.5,48.3,7.15,81.3,67.5,3.3,0,7.7,0,1,Medium Risk
STU1360,90.7,71.6,8.48,65.7,81.2,0.4,1,8.7,0,0,Low Risk
STU1361,87.7,61.4,6.48,76.8,87.1,2.8,0,6.4,1,0,Low Risk
STU1362,48.2,43.0,6.12,58.4,37.5,2.1,0,6.1,0,1,Medium Risk
STU1363,61.9,32.4,3.88,71.5,32.8,3.2,4,7.6,0,2,High Risk
STU1364,80.9,63.4,4.42,100.0,53.2,4.4,0,6.2,2,1,Medium Risk
STU1365,74.6,47.6,8.16,45.8,93.7,2.5,0,10.6,0,1,Medium Risk
STU1366,80.6,87.6,6.63,56.3,80.0,1.7,0,8.6,1,0,Low Risk
STU1367,78.9,55.5,6.2,78.2,69.2,3.1,1,5.2,0,0,Low Risk
STU1368,64.9,50.6,7.24,82.5,14.0,4.7,0,8.3,0,1,Medium Risk
STU1369,66.6,42.2,8.06,56.5,87.5,2.9,0,9.7,0,1,Medium Risk
STU1370,69.0,71.1,7.11,88.6,42.6,1.8,0,6.4,0,1,Medium Risk
STU1371,72.8,84.9,4.95,70.6,86.7,1.0,1,8.1,0,0,Low Risk
STU1372,56.7,64.3,6.44,62.1,70.9,2.2,1,6.3,0,1,Medium Risk
STU1373,78.9,17.8,9.54,90.0,29.4,2.2,4,4.5,0,1,Medium Risk
STU1374,77.9,48.3,5.81,84.9,12.8,4.2,1,5.5,2,1,Medium Risk
STU1375,81.5,75.0,7.35,49.3,74.1,4.1,1,4.9,0,0,Low Risk
STU1376,82.7,33.2,5.93,76.3,100.0,2.2,1,5.2,0,1,Medium Risk
STU1377,75.2,25.5,8.53,81.3,96.8,2.8,4,7.2,1,1,Medium Risk
STU1378,81.4,45.5,8.57,62.7,70.3,2.1,1,6.2,0,1,Medium Risk
STU1379,98.2,5.2,8.62,88.5,91.5,3.1,2,3.0,1,1,Medium Risk
STU1380,59.8,59.7,7.88,93.4,65.3,4.7,0,7.6,0,1,Medium Risk
STU1381,77.5,35.0,4.65,70.7,82.6,3.1,0,6.4,0,1,Medium Risk
STU1382,63.7,89.1,6.13,84.7,97.7,2.4,4,6.0,2,1,Medium Risk
STU1383,57.3,71.4,5.76,43.2,87.2,2.6,1,9.5,0,1,Medium Risk
STU1384,99.0,43.1,8.01,24.4,93.8,2.2,1,7.2,0,1,Medium Risk
STU1385,69.8,39.3,8.12,54.5,51.7,2.3,5,5.2,0,1,Medium Risk
STU1386,59.9,56.4,9.4,63.2,71.7,2.0,1,5.3,0,1,Medium Risk
STU1387,39.2,60.1,8.03,53.1,85.4,5.8,0,7.2,4,1,Medium Risk
STU1388,76.9,65.6,7.58,52.4,91.4,3.8,0,6.6,0,0,Low Risk
STU1389,72.2,72.5,7.93,57.8,94.2,3.5,5,6.0,0,1,Medium Risk
STU1390,43.1,72.2,6.81,71.2,74.3,3.1,0,6.4,0,1,Medium Risk
STU1391,49.3,88.2,6.38,41.3,73.8,0.1,0,5.9,0,1,Medium Risk
STU1392,39.1,67.2,8.84,69.9,100.0,4.7,5,7.0,4,1,Medium Risk
STU1393,46.1,22.8,3.53,56.2,75.8,0.0,3,7.8,1,2,High Risk
STU1394,87.2,94.7,6.83,64.2,28.1,6.3,0,8.4,3,1,Medium Risk
STU1395,85.5,89.6,4.93,77.2,62.4,4.0,2,8.9,0,0,Low Risk
STU1396,78.0,45.1,8.11,70.0,80.6,1.6,0,6.4,1,1,Medium Risk
STU1397,53.1,58.6,4.9,28.9,54.9,4.3,0,6.7,0,2,High Risk
STU1398,51.5,39.1,6.71,45.0,95.3,1.4,0,4.9,0,1,Medium Risk
STU1399,36.8,61.0,7.11,87.5,67.0,3.3,1,8.2,0,1,Medium Risk
STU1400,80.6,45.1,7.24,86.7,82.2,4.1,0,8.3,1,1,Medium Risk
STU1401,79.4,59.0,9.76,62.0,71.3,0.7,0,9.1,3,1,Medium Risk
STU1402,55.1,48.4,8.48,55.7,57.0,0.7,3,4.5,2,1,Medium Risk
STU1403,18.5,30.0,9.86,49.8,96.3,3.5,4,7.3,0,2,High Risk
STU1404,60.4,50.7,7.34,41.4,66.3,5.5,0,9.5,0,1,Medium Risk
STU1405,53.3,75.4,6.38,41.5,55.6,2.7,0,6.8,3,1,Medium Risk
STU1406,85.0,44.4,8.62,82.3,94.9,4.0,2,8.2,0,1,Medium Risk
STU1407,70.7,59.7,4.39,61.7,75.9,1.2,1,5.7,0,1,Medium Risk
STU1408,52.7,82.6,6.17,43.3,33.2,2.5,0,7.2,0,1,Medium Risk
STU1409,41.4,40.4,7.98,70.8,91.2,2.1,3,5.2,3,1,Medium Risk
STU1410,55.9,82.8,6.45,80.9,62.8,3.0,1,6.5,0,1,Medium Risk
STU1411,41.4,69.8,7.48,89.1,75.3,1.0,2,6.7,0,1,Medium Risk
STU1412,85.6,82.5,6.73,62.8,55.2,2.5,4,8.2,0,0,Low Risk
STU1413,0.9,81.1,7.26,73.4,94.8,3.4,2,9.2,0,1,Medium Risk
STU1414,68.8,77.6,4.46,79.5,93.3,3.5,0,10.2,2,1,Medium Risk
STU1415,56.3,18.3,4.77,90.2,48.5,3.2,0,5.6,0,2,High Risk
STU1416,56.8,59.1,4.75,66.4,38.1,3.9,1,6.1,1,1,Medium Risk
STU1417,84.7,74.5,1.92,74.9,76.2,5.0,1,7.1,0,0,Low Risk
STU1418,94.3,78.4,5.79,77.0,72.2,2.7,0,3.0,0,1,Medium Risk
STU1419,87.4,55.9,7.52,75.8,61.5,0.5,2,6.5,3,1,Medium Risk
STU1420,92.6,57.5,3.14,91.1,49.1,4.6,1,7.1,0,1,Medium Risk
STU1421,42.8,53.0,6.75,77.6,75.4,2.9,1,6.7,2,1,Medium Risk
STU1422,21.2,35.7,7.73,63.7,77.7,2.6,0,5.5,0,1,Medium Risk
STU1423,58.7,47.4,7.73,67.2,32.4,4.8,3,6.5,0,1,Medium Risk
STU1424,72.6,68.5,7.14,71.6,19.7,2.6,0,9.5,0,1,Medium Risk
STU1425,58.3,83.6,7.09,86.0,38.3,2.4,0,6.0,0,1,Medium Risk
STU1426,32.9,67.8,9.15,64.6,0.0,2.2,0,8.0,0,1,Medium Risk
STU1427,61.6,62.6,7.54,82.9,80.6,2.7,0,9.0,0,1,Medium Risk
STU1428,53.9,40.1,7.15,82.4,65.1,2.6,0,6.5,1,1,Medium Risk
STU1429,46.1,57.2,9.54,61.8,78.2,3.1,0,6.6,0,1,Medium Risk
STU1430,91.8,23.4,5.23,75.5,91.0,1.3,0,8.9,0,1,Medium Risk
STU1431,57.2,44.8,6.77,36.7,91.2,5.2,1,8.2,4,1,Medium Risk
STU1432,64.4,80.5,3.8,42.5,92.4,0.5,1,10.1,0,1,Medium Risk
STU1433,46.3,69.7,8.01,99.6,70.2,1.9,2,5.8,0,1,Medium Risk
STU1434,74.1,87.6,9.31,49.5,64.2,1.0,2,9.3,0,1,Medium Risk
STU1435,70.7,60.3,6.49,56.5,67.8,3.9,2,8.7,0,1,Medium Risk
STU1436,71.7,94.0,8.32,82.8,65.9,4.2,4,8.1,1,0,Low Risk
STU1437,76.1,35.7,8.82,50.8,70.4,6.1,0,7.4,0,1,Medium Risk
STU1438,96.5,89.2,4.84,33.3,83.9,2.6,1,9.2,0,1,Medium Risk
STU1439,68.7,25.4,7.01,56.9,89.6,1.6,2,5.9,3,1,Medium Risk
STU1440,91.0,80.2,8.23,46.3,92.5,1.3,3,7.9,2,1,Medium Risk
STU1441,89.7,77.7,7.89,23.9,69.1,3.7,1,7.1,1,0,Low Risk
STU1442,81.5,45.4,7.43,82.8,100.0,2.1,0,7.2,0,0,Low Risk
STU1443,56.9,65.3,3.6,69.4,90.6,4.2,0,3.6,1,1,Medium Risk
STU1444,67.5,78.4,9.49,88.0,89.4,4.3,1,7.5,0,1,Medium Risk
STU1445,49.8,52.4,8.66,22.8,55.2,3.6,0,9.6,0,1,Medium Risk
STU1446,48.6,87.9,6.59,74.4,91.2,3.3,2,10.6,0,1,Medium Risk
STU1447,71.4,62.1,7.11,65.6,51.5,0.5,2,10.3,3,1,Medium Risk
STU1448,63.9,81.7,5.65,36.5,65.1,1.5,0,5.4,0,1,Medium Risk
STU1449,58.3,75.9,5.0,92.7,39.0,5.4,5,4.7,1,1,Medium Risk
STU1450,34.1,74.0,8.28,40.4,97.9,1.7,3,4.9,0,1,Medium Risk
STU1451,83.3,56.9,6.65,56.6,89.2,3.3,1,7.4,0,0,Low Risk
STU1452,84.1,69.2,5.17,46.1,96.4,0.9,0,5.4,0,1,Medium Risk
STU1453,64.8,49.4,5.16,42.1,35.6,4.7,0,6.5,3,1,Medium Risk
STU1454,33.8,61.9,5.94,87.5,52.5,2.1,1,5.9,4,1,Medium Risk
STU1455,22.5,81.4,6.58,95.5,63.3,1.8,2,8.4,3,1,Medium Risk
STU1456,77.0,78.0,6.13,77.0,62.7,1.5,2,7.2,0,1,Medium Risk
STU1457,47.9,50.7,6.24,76.0,53.0,3.6,0,7.0,0,1,Medium Risk
STU1458,100.0,44.8,7.24,80.9,23.5,2.3,0,7.9,0,1,Medium Risk
STU1459,56.7,54.1,5.57,62.3,96.6,3.9,0,5.8,0,1,Medium Risk
STU1460,40.6,25.8,3.64,78.0,44.1,2.1,0,9.3,0,1,Medium Risk
STU1461,54.9,41.6,7.33,89.0,38.2,1.3,1,6.7,1,1,Medium Risk
STU1462,65.0,86.4,8.38,83.4,65.6,2.4,0,6.0,0,0,Low Risk
STU1463,95.9,63.8,6.6,75.4,96.2,2.8,1,7.6,0,0,Low Risk
STU1464,90.9,60.2,8.59,87.6,71.4,1.3,2,6.5,4,0,Low Risk
STU1465,81.7,83.6,5.01,85.5,38.4,2.8,1,6.6,2,1,Medium Risk
STU1466,83.2,68.5,9.23,62.4,45.9,3.4,0,7.9,0,0,Low Risk
STU1467,68.1,63.9,7.53,20.0,42.5,2.5,0,8.3,0,1,Medium Risk
STU1468,39.5,69.3,6.76,49.3,92.6,0.7,1,5.8,0,1,Medium Risk
STU1469,94.2,62.1,6.48,75.9,95.4,3.0,0,7.2,1,1,Medium Risk
STU1470,62.3,72.6,7.61,87.6,91.8,5.1,0,7.4,0,0,Low Risk
STU1471,93.3,39.8,7.76,89.3,30.0,5.5,2,6.9,1,1,Medium Risk
STU1472,54.3,80.1,5.98,72.9,88.4,3.8,2,7.2,0,0,Low Risk
STU1473,72.7,74.0,4.35,58.1,93.5,0.7,0,4.8,0,0,Low Risk
STU1474,85.2,58.6,4.57,26.8,73.3,4.9,0,8.8,0,1,Medium Risk
STU1475,77.9,48.0,8.91,36.4,82.0,2.1,0,5.0,1,0,Low Risk
STU1476,78.4,21.2,7.93,56.6,92.5,2.8,0,3.0,0,1,Medium Risk
STU1477,70.3,57.0,8.3,33.0,76.7,1.1,1,9.0,0,1,Medium Risk
STU1478,33.1,75.1,6.97,71.3,67.4,2.6,0,6.8,1,1,Medium Risk
STU1479,100.0,56.6,4.91,39.0,68.4,2.3,3,9.9,1,1,Medium Risk
STU1480,59.1,21.8,7.43,52.3,57.4,2.2,2,7.7,1,1,Medium Risk
STU1481,30.4,49.4,6.35,93.8,76.0,1.0,0,7.7,0,1,Medium Risk
STU1482,57.5,50.7,7.77,77.1,69.0,1.1,0,5.3,2,1,Medium Risk
STU1483,63.4,45.8,9.83,52.1,72.2,2.5,0,5.7,1,1,Medium Risk
STU1484,87.1,67.1,4.82,94.8,88.9,2.0,0,8.7,1,0,Low Risk
STU1485,87.5,85.5,7.39,35.4,44.4,1.4,1,3.0,0,1,Medium Risk
STU1486,75.2,38.5,4.0,43.6,89.7,2.1,3,4.1,0,2,High Risk
STU1487,52.5,11.8,5.74,63.8,52.2,3.8,0,8.2,0,2,High Risk
STU1488,67.8,82.4,7.1,85.2,90.9,2.3,1,5.7,1,1,Medium Risk
STU1489,49.6,82.9,5.79,61.2,76.4,4.4,0,5.6,0,1,Medium Risk
STU1490,86.7,85.7,6.68,84.9,79.3,0.0,0,8.7,0,1,Medium Risk
STU1491,66.8,78.2,3.71,78.5,76.7,1.3,0,9.2,0,1,Medium Risk
STU1492,65.3,42.7,5.57,86.2,100.0,4.3,0,10.0,2,1,Medium Risk
STU1493,65.6,63.0,3.32,37.0,24.3,2.1,2,5.6,0,1,Medium Risk
STU1494,78.1,60.9,6.07,65.3,69.9,2.4,5,6.8,0,1,Medium Risk
STU1495,84.1,72.7,5.63,59.9,53.5,1.3,1,9.0,1,1,Medium Risk
STU1496,90.9,16.5,9.25,57.7,88.2,5.4,3,4.9,0,0,Low Risk
STU1497,86.4,69.3,9.03,71.8,49.6,4.8,0,7.7,4,0,Low Risk
STU1498,53.1,71.2,8.36,53.5,90.6,2.5,0,6.3,1,1,Medium Risk
STU1499,71.3,87.5,6.83,63.2,83.5,1.5,2,6.2,0,1,Medium Risk
STU1500,49.0,49.7,9.35,74.9,45.5,2.5,4,6.4,0,1,Medium Risk
STU1501,89.1,38.3,5.69,49.5,94.7,1.7,1,8.8,1,1,Medium Risk
STU1502,69.6,46.1,8.04,73.6,96.5,4.2,0,6.5,1,0,Low Risk
STU1503,77.4,61.2,7.55,49.3,23.5,4.1,1,7.6,1,1,Medium Risk
STU1504,49.0,56.1,7.41,55.0,87.3,1.9,2,5.3,1,1,Medium Risk
STU1505,44.6,82.1,5.88,83.0,63.8,1.6,0,5.4,0,1,Medium Risk
STU1506,45.1,78.0,3.98,80.3,92.0,2.1,0,3.4,0,1,Medium Risk
STU1507,70.7,68.1,7.95,74.0,3.8,5.8,0,9.1,0,0,Low Risk
STU1508,82.4,90.9,5.41,63.1,94.3,4.0,0,6.9,1,0,Low Risk
STU1509,76.0,81.3,6.45,97.0,91.6,1.9,1,4.9,1,1,Medium Risk
STU1510,70.3,74.2,5.78,74.8,94.9,3.9,0,6.0,0,0,Low Risk
STU1511,70.0,63.6,8.94,56.7,74.9,0.9,1,7.4,0,1,Medium Risk
STU1512,81.7,47.4,6.24,55.1,97.3,2.8,0,8.0,0,1,Medium Risk
STU1513,72.9,17.4,7.85,32.6,88.0,2.5,0,7.5,1,1,Medium Risk
STU1514,77.6,44.1,7.49,37.6,45.8,2.6,3,4.7,1,1,Medium Risk
STU1515,86.5,68.5,5.32,75.4,63.2,3.5,1,6.6,3,1,Medium Risk
STU1516,49.6,47.7,8.88,35.3,98.3,3.0,0,7.8,1,1,Medium Risk
STU1517,60.0,76.0,7.41,87.5,92.3,0.7,0,9.3,3,0,Low Risk
STU1518,71.7,70.0,7.09,9.3,60.1,3.6,3,7.9,3,2,High Risk
STU1519,47.4,68.0,5.99,54.0,91.1,2.8,0,7.7,0,1,Medium Risk
STU1520,76.8,82.0,6.93,82.2,91.1,4.3,1,4.4,3,1,Medium Risk
STU1521,49.8,69.9,7.34,57.8,48.8,4.2,0,8.1,1,1,Medium Risk
STU1522,80.5,62.8,4.53,82.7,26.7,1.9,0,5.7,1,1,Medium Risk
STU1523,76.4,83.0,7.2,78.9,91.8,0.9,1,9.4,1,1,Medium Risk
STU1524,95.7,55.1,7.37,39.6,68.3,5.0,0,9.9,0,1,Medium Risk
STU1525,89.1,56.6,3.9,79.2,73.0,4.3,2,6.9,0,1,Medium Risk
STU1526,84.7,75.5,8.45,46.0,88.7,4.5,2,5.0,2,0,Low Risk
STU1527,83.4,35.1,6.4,55.3,82.7,4.6,1,7.8,2,1,Medium Risk
STU1528,38.6,69.4,7.18,87.7,92.4,1.8,4,8.3,1,1,Medium Risk
STU1529,64.1,53.0,6.6,41.3,100.0,1.0,1,6.6,1,1,Medium Risk
STU1530,46.4,25.6,4.56,61.6,92.9,5.2,2,5.0,0,1,Medium Risk
STU1531,73.7,38.7,5.51,54.7,90.2,1.7,0,8.3,1,1,Medium Risk
STU1532,91.9,66.0,7.85,71.6,47.3,3.6,3,4.5,1,1,Medium Risk
STU1533,81.9,81.4,8.77,48.9,94.2,2.1,0,6.6,0,0,Low Risk
STU1534,40.6,77.5,3.66,51.6,48.0,3.1,0,4.7,0,2,High Risk
STU1535,84.5,32.6,6.51,37.2,82.9,2.7,0,6.9,0,1,Medium Risk
STU1536,97.4,31.8,6.4,77.4,42.9,1.3,0,8.0,1,1,Medium Risk
STU1537,43.8,62.2,5.52,50.3,88.3,3.5,0,4.6,0,1,Medium Risk
STU1538,84.5,58.4,5.94,48.4,99.6,2.9,0,6.0,0,1,Medium Risk
STU1539,70.0,78.5,4.6,72.4,22.9,4.7,2,8.4,0,1,Medium Risk
STU1540,43.0,64.1,6.75,76.9,47.8,2.8,3,4.4,0,1,Medium Risk
STU1541,47.6,53.1,6.33,63.7,81.8,2.9,1,7.3,1,1,Medium Risk
STU1542,58.4,47.5,8.95,74.6,65.9,1.5,1,7.7,0,1,Medium Risk
STU1543,76.0,59.6,7.58,73.5,25.5,3.3,2,6.9,2,1,Medium Risk
STU1544,8.6,52.3,7.43,83.8,70.3,5.4,0,9.5,3,1,Medium Risk
STU1545,56.9,54.6,8.67,90.5,96.2,3.3,1,6.5,0,0,Low Risk
STU1546,81.4,79.3,5.3,50.4,24.7,1.6,0,8.0,0,1,Medium Risk
STU1547,84.6,71.1,6.58,53.4,64.5,1.4,0,9.0,3,1,Medium Risk
STU1548,73.1,74.6,6.48,30.5,50.2,4.1,2,9.5,1,1,Medium Risk
STU1549,82.1,79.8,7.08,47.7,28.7,3.3,0,6.1,1,1,Medium Risk
STU1550,80.5,89.9,5.5,75.9,93.4,2.9,1,6.4,0,1,Medium Risk
STU1551,58.3,86.4,5.49,79.1,59.8,4.1,2,6.8,1,1,Medium Risk
STU1552,76.1,32.0,7.3,50.8,86.0,2.9,0,6.1,4,1,Medium Risk
STU1553,37.7,17.8,4.86,80.7,88.2,0.2,1,5.4,1,1,Medium Risk
STU1554,47.8,78.2,6.55,22.1,69.6,3.3,0,5.8,0,2,High Risk
STU1555,58.1,42.5,6.06,33.1,46.4,4.4,2,7.3,0,2,High Risk
STU1556,85.6,56.6,3.03,62.4,44.4,3.8,0,8.0,0,1,Medium Risk
STU1557,56.9,51.4,7.15,68.5,95.9,4.5,0,8.2,0,1,Medium Risk
STU1558,30.7,65.5,4.8,45.4,96.2,6.0,4,9.2,0,1,Medium Risk
STU1559,67.9,85.5,8.02,51.7,71.2,1.4,0,9.4,0,1,Medium Risk
STU1560,33.7,74.7,3.03,69.9,53.1,2.9,2,7.6,0,1,Medium Risk
STU1561,80.2,36.1,8.05,60.9,64.5,2.6,0,7.3,0,1,Medium Risk
STU1562,92.8,84.2,3.34,74.7,91.9,2.6,0,8.2,4,1,Medium Risk
STU1563,79.5,84.5,5.24,70.2,93.5,0.6,0,7.4,1,1,Medium Risk
STU1564,81.4,36.2,8.54,74.5,72.6,4.3,0,8.0,1,1,Medium Risk
STU1565,74.7,15.5,6.64,76.6,78.3,5.7,0,6.2,3,1,Medium Risk
STU1566,38.8,53.1,5.51,60.0,94.4,3.9,2,9.2,2,2,High Risk
STU1567,58.5,73.6,6.48,27.4,38.3,4.8,0,6.8,0,1,Medium Risk
STU1568,46.7,38.0,4.18,89.8,28.3,4.1,0,9.7,2,2,High Risk
STU1569,52.0,61.0,2.65,64.9,90.6,1.9,2,6.9,0,1,Medium Risk
STU1570,49.5,45.7,9.14,51.7,68.6,4.8,0,4.9,0,1,Medium Risk
STU1571,80.5,32.6,8.03,72.4,92.1,2.3,0,5.3,0,1,Medium Risk
STU1572,69.1,92.0,7.66,57.1,95.5,3.7,0,6.1,0,0,Low Risk
STU1573,93.4,58.0,6.23,63.0,81.6,2.5,5,6.4,0,1,Medium Risk
STU1574,39.7,64.1,3.4,65.2,90.9,2.1,1,7.3,0,2,High Risk
STU1575,83.6,73.6,7.79,86.6,67.7,2.7,5,5.3,0,1,Medium Risk
STU1576,99.0,62.6,5.1,92.2,54.7,0.8,0,6.5,0,1,Medium Risk
STU1577,87.7,56.9,8.14,80.5,78.9,2.3,0,5.7,1,0,Low Risk
STU1578,51.1,67.5,5.67,86.2,96.2,3.0,0,6.3,0,1,Medium Risk
STU1579,81.7,17.4,6.73,81.3,78.5,3.9,5,8.9,1,1,Medium Risk
STU1580,86.9,32.5,2.8,80.8,87.9,3.0,1,8.0,0,1,Medium Risk
STU1581,34.4,26.9,8.11,86.8,87.8,3.9,1,9.1,3,1,Medium Risk
STU1582,88.8,51.2,4.3,58.8,82.8,2.9,5,8.5,0,1,Medium Risk
STU1583,51.8,61.0,5.26,56.5,91.0,5.8,2,7.5,0,1,Medium Risk
STU1584,50.1,70.0,4.03,84.4,97.0,3.4,0,7.4,1,1,Medium Risk
STU1585,76.4,47.6,5.42,64.2,52.3,1.9,0,7.6,1,1,Medium Risk
STU1586,90.7,57.2,6.54,68.3,94.8,3.1,0,9.0,1,1,Medium Risk
STU1587,59.1,50.7,8.76,76.1,89.6,5.0,0,6.8,0,1,Medium Risk
STU1588,56.5,65.5,1.79,75.1,90.5,2.1,3,4.8,0,1,Medium Risk
STU1589,43.0,86.3,8.21,62.4,33.7,2.9,3,5.0,1,1,Medium Risk
STU1590,59.3,48.6,5.27,48.2,80.0,2.7,1,7.0,0,1,Medium Risk
STU1591,68.7,46.0,5.38,92.6,95.6,0.7,1,8.3,2,1,Medium Risk
STU1592,72.1,53.1,8.11,38.5,86.2,3.6,0,5.8,0,1,Medium Risk
STU1593,86.8,20.4,4.51,70.3,93.0,1.2,0,8.4,0,1,Medium Risk
STU1594,72.1,85.1,8.33,79.5,53.1,3.9,0,6.1,0,0,Low Risk
STU1595,60.0,56.1,8.11,79.1,70.0,1.7,0,6.0,2,1,Medium Risk
STU1596,35.7,62.6,7.6,82.0,97.2,1.6,0,8.6,0,1,Medium Risk
STU1597,89.3,80.7,8.1,50.4,64.3,3.8,3,5.1,1,1,Medium Risk
STU1598,90.7,78.2,7.71,85.8,62.4,4.3,1,8.5,0,0,Low Risk
STU1599,82.5,71.6,2.51,31.6,88.2,4.2,5,7.7,0,1,Medium Risk
STU1600,66.8,41.9,3.67,91.0,85.6,1.5,0,9.0,4,1,Medium Risk
STU1601,79.3,82.9,5.1,69.5,48.5,3.1,1,6.8,0,1,Medium Risk
STU1602,64.5,81.5,8.65,65.7,46.4,4.2,1,8.8,0,0,Low Risk
STU1603,87.7,78.7,3.9,83.0,91.9,3.4,0,7.8,0,0,Low Risk
STU1604,44.5,8.4,6.99,76.7,73.2,0.5,0,8.7,0,2,High Risk
STU1605,62.6,83.2,8.89,89.6,9.8,0.9,4,8.1,0,1,Medium Risk
STU1606,91.0,69.0,5.65,73.1,83.3,2.5,1,7.3,0,0,Low Risk
STU1607,48.6,62.7,6.11,65.8,63.8,4.9,0,8.9,0,1,Medium Risk
STU1608,79.2,51.7,7.58,63.9,87.8,3.4,0,6.4,4,1,Medium Risk
STU1609,30.0,43.2,6.89,74.7,96.4,4.5,2,6.3,0,1,Medium Risk
STU1610,50.0,68.8,8.37,52.6,77.0,0.8,0,6.0,2,1,Medium Risk
STU1611,35.7,49.4,7.73,82.2,90.3,2.4,0,5.1,0,1,Medium Risk
STU1612,70.7,61.8,6.55,71.4,80.5,1.0,0,5.6,0,1,Medium Risk
STU1613,74.8,81.8,5.43,64.1,93.7,2.6,0,5.4,4,1,Medium Risk
STU1614,58.1,60.6,6.91,73.2,71.7,4.5,0,7.6,0,1,Medium Risk
STU1615,87.9,38.7,4.85,62.5,89.1,3.0,1,7.2,1,1,Medium Risk
STU1616,84.9,10.5,4.54,81.7,96.4,4.8,1,7.5,0,1,Medium Risk
STU1617,88.3,48.3,7.05,60.6,95.9,3.3,3,7.7,0,1,Medium Risk
STU1618,73.5,71.2,5.02,77.9,40.1,4.7,5,6.4,1,1,Medium Risk
STU1619,88.0,63.7,7.58,43.2,36.1,4.5,1,7.6,0,1,Medium Risk
STU1620,76.0,55.9,6.11,70.7,98.8,3.9,0,7.3,4,1,Medium Risk
STU1621,73.7,55.9,8.95,77.6,59.0,4.4,1,8.4,0,1,Medium Risk
STU1622,42.3,42.6,7.22,51.6,70.5,2.4,1,6.5,0,1,Medium Risk
STU1623,67.2,70.8,5.77,99.4,92.5,3.4,1,5.3,4,1,Medium Risk
STU1624,36.7,51.6,3.0,62.4,49.9,1.4,1,9.0,0,2,High Risk
STU1625,94.4,35.8,6.14,69.6,76.8,1.5,2,5.6,0,1,Medium Risk
STU1626,76.8,89.9,7.72,61.9,89.3,4.3,1,7.7,1,0,Low Risk
STU1627,55.4,84.6,6.74,89.3,90.6,4.3,0,8.4,0,0,Low Risk
STU1628,73.1,55.3,8.88,45.1,35.3,2.3,2,8.5,0,1,Medium Risk
STU1629,83.3,48.1,1.51,30.1,36.4,3.6,0,4.0,0,1,Medium Risk
STU1630,69.9,74.9,8.51,74.8,60.0,1.3,4,6.8,0,1,Medium Risk
STU1631,39.2,73.9,6.69,75.6,88.6,2.8,1,7.9,2,1,Medium Risk
STU1632,100.0,73.6,6.7,17.7,71.0,2.6,1,7.8,1,1,Medium Risk
STU1633,54.6,57.1,5.7,50.8,86.7,3.9,0,4.0,1,1,Medium Risk
STU1634,42.3,69.7,6.25,40.8,61.6,2.1,2,7.0,1,2,High Risk
STU1635,73.4,66.6,7.33,48.5,88.7,2.3,1,5.1,0,1,Medium Risk
STU1636,88.0,57.3,7.52,85.5,97.0,4.5,0,9.6,2,0,Low Risk
STU1637,83.5,28.5,5.97,50.7,87.1,1.7,0,7.9,0,1,Medium Risk
STU1638,72.7,34.7,5.65,69.9,77.3,3.4,1,9.1,0,1,Medium Risk
STU1639,74.1,69.7,5.72,93.8,97.2,0.3,0,7.2,0,0,Low Risk
STU1640,86.6,27.1,6.37,63.3,68.9,5.3,0,9.0,0,1,Medium Risk
STU1641,97.6,70.3,4.63,74.6,91.1,3.7,0,8.1,3,0,Low Risk
STU1642,47.9,71.2,7.48,67.1,7.3,4.3,0,9.0,0,1,Medium Risk
STU1643,54.5,71.2,7.82,87.5,78.3,4.0,2,6.0,0,1,Medium Risk
STU1644,77.1,65.9,5.59,82.7,79.2,3.6,1,9.6,2,0,Low Risk
STU1645,43.0,82.3,9.7,29.0,84.6,1.3,0,3.0,0,0,Low Risk
STU1646,82.9,68.0,8.48,57.6,87.4,3.1,2,4.7,2,1,Medium Risk
STU1647,38.1,57.6,5.11,94.0,77.3,3.5,3,5.7,2,1,Medium Risk
STU1648,69.6,85.4,5.23,69.6,91.6,4.4,2,7.9,0,1,Medium Risk
STU1649,88.0,42.9,4.82,83.9,55.1,5.0,0,6.2,1,1,Medium Risk
STU1650,91.1,55.9,6.05,70.5,58.7,3.7,1,6.7,1,0,Low Risk
STU1651,88.8,52.9,7.23,61.5,24.5,2.2,3,7.0,1,1,Medium Risk
STU1652,42.4,38.4,7.73,46.7,68.4,2.5,0,7.4,0,1,Medium Risk
STU1653,61.3,84.9,8.86,66.8,49.7,2.3,1,6.2,0,1,Medium Risk
STU1654,90.8,35.6,6.95,44.9,90.8,4.4,0,6.7,1,1,Medium Risk
STU1655,64.7,63.0,5.79,81.8,93.2,2.3,1,7.7,0,1,Medium Risk
STU1656,21.4,54.7,6.33,74.8,89.0,3.7,1,6.5,0,1,Medium Risk
STU1657,79.0,73.8,9.14,19.0,42.0,2.9,0,6.6,1,1,Medium Risk
STU1658,81.1,90.3,5.48,62.5,92.9,1.9,1,8.7,1,0,Low Risk
STU1659,29.2,44.4,7.05,80.7,57.0,2.3,4,4.4,0,1,Medium Risk
STU1660,71.8,64.3,6.81,50.9,95.2,4.1,1,8.4,0,1,Medium Risk
STU1661,40.0,44.1,3.73,45.9,92.2,3.1,5,8.2,0,2,High Risk
STU1662,92.5,57.2,3.94,89.7,76.6,3.4,0,5.5,0,1,Medium Risk
STU1663,79.8,51.5,6.57,93.1,60.1,3.9,1,9.6,1,1,Medium Risk
STU1664,27.5,19.7,5.82,56.3,82.9,1.7,1,7.5,1,2,High Risk
STU1665,83.8,52.4,6.36,34.3,81.3,3.6,0,6.1,1,0,Low Risk
STU1666,21.6,42.7,4.16,59.5,91.0,6.0,3,8.8,1,2,High Risk
STU1667,66.6,80.6,9.2,67.5,58.0,3.7,3,6.3,1,0,Low Risk
STU1668,79.8,71.9,8.56,79.7,89.8,3.8,1,6.4,0,0,Low Risk
STU1669,74.4,37.0,7.04,58.1,55.2,4.1,1,4.4,0,1,Medium Risk
STU1670,81.4,41.2,7.48,70.8,83.5,1.5,4,6.9,0,1,Medium Risk
STU1671,67.2,47.5,7.79,71.2,96.3,3.8,0,6.9,3,1,Medium Risk
STU1672,62.1,86.8,5.53,54.6,58.9,3.7,1,6.9,0,1,Medium Risk
STU1673,52.7,65.7,6.5,56.6,62.6,3.0,0,10.2,4,1,Medium Risk
STU1674,82.7,60.0,8.14,60.2,99.9,0.3,2,9.0,0,0,Low Risk
STU1675,93.3,33.5,6.38,18.6,65.5,3.9,1,8.8,0,1,Medium Risk
STU1676,47.2,69.1,8.15,62.8,66.1,0.5,4,7.4,0,1,Medium Risk
STU1677,85.8,60.8,4.52,52.7,64.4,2.4,1,5.7,3,1,Medium Risk
STU1678,74.8,70.1,5.58,74.9,69.2,1.1,2,8.6,0,1,Medium Risk
STU1679,55.6,50.9,7.5,66.8,58.8,3.4,0,8.4,2,1,Medium Risk
STU1680,83.5,51.7,5.96,44.7,100.0,2.4,0,5.5,0,0,Low Risk
STU1681,55.4,78.4,7.11,80.2,88.2,0.7,2,5.1,2,1,Medium Risk
STU1682,35.2,57.5,8.09,86.2,90.0,1.6,3,5.4,0,1,Medium Risk
STU1683,70.5,64.9,4.4,55.3,90.8,6.8,0,6.9,0,0,Low Risk
STU1684,76.1,82.0,8.75,96.4,59.9,1.4,0,8.5,0,0,Low Risk
STU1685,77.3,62.6,6.17,81.8,83.2,1.7,0,8.3,1,1,Medium Risk
STU1686,73.0,74.2,8.15,90.8,54.1,2.4,1,6.4,3,0,Low Risk
STU1687,41.4,72.8,7.89,74.8,69.7,3.9,3,7.1,0,1,Medium Risk
STU1688,62.6,63.2,6.77,55.6,83.7,4.3,2,7.2,1,1,Medium Risk
STU1689,43.5,26.1,6.44,93.0,89.5,1.4,0,4.9,0,1,Medium Risk
STU1690,89.0,70.8,7.7,49.3,94.3,4.7,0,5.5,2,0,Low Risk
STU1691,83.0,88.0,5.69,44.3,50.4,5.0,3,9.3,0,1,Medium Risk
STU1692,81.9,86.3,8.82,32.1,68.8,2.5,1,9.0,1,1,Medium Risk
STU1693,63.0,68.3,7.24,82.0,67.0,1.1,1,7.8,0,1,Medium Risk
STU1694,77.8,53.8,7.75,49.2,84.6,1.5,1,6.5,0,1,Medium Risk
STU1695,80.2,57.4,4.96,61.8,33.8,3.2,1,5.7,1,1,Medium Risk
STU1696,70.9,88.6,1.77,62.9,81.1,3.2,0,9.7,1,0,Low Risk
STU1697,78.2,53.1,8.3,57.6,91.7,0.6,0,6.7,0,1,Medium Risk
STU1698,77.3,68.6,7.67,31.6,17.3,1.5,0,5.3,0,1,Medium Risk
STU1699,60.2,44.3,5.57,100.0,33.7,2.2,0,5.7,0,1,Medium Risk
STU1700,91.5,65.8,7.8,85.3,40.7,2.4,1,7.8,1,1,Medium Risk
STU1701,57.0,36.6,8.36,68.9,76.4,4.6,1,5.7,1,1,Medium Risk
STU1702,80.0,55.0,6.02,75.1,46.3,2.3,1,10.5,0,1,Medium Risk
STU1703,71.8,55.8,5.84,75.9,5.0,0.0,4,7.0,0,2,High Risk
STU1704,80.8,53.9,8.62,69.6,92.3,5.3,2,6.1,3,1,Medium Risk
STU1705,72.8,51.7,3.48,89.5,96.7,3.0,2,8.3,0,1,Medium Risk
STU1706,38.9,85.1,6.07,61.1,64.4,5.1,2,8.2,0,1,Medium Risk
STU1707,17.5,35.9,5.16,100.0,95.9,5.0,2,5.8,0,1,Medium Risk
STU1708,86.2,70.3,6.72,59.8,93.3,0.6,3,5.8,2,1,Medium Risk
STU1709,48.5,66.1,6.24,48.1,40.3,5.3,5,5.1,0,1,Medium Risk
STU1710,37.0,83.5,5.35,75.9,56.4,1.7,0,7.9,0,1,Medium Risk
STU1711,83.7,40.1,7.08,79.4,44.6,1.6,3,6.0,1,1,Medium Risk
STU1712,73.5,63.3,2.72,55.9,88.9,3.5,2,5.2,0,1,Medium Risk
STU1713,62.8,78.5,6.58,51.9,89.0,4.5,1,9.0,2,1,Medium Risk
STU1714,91.2,57.3,6.43,46.6,77.8,5.5,0,8.1,0,1,Medium Risk
STU1715,55.6,50.4,4.57,40.9,65.6,2.2,5,6.9,0,2,High Risk
STU1716,97.2,67.9,3.48,75.5,95.1,0.6,0,6.8,0,1,Medium Risk
STU1717,62.2,91.9,7.32,77.7,52.5,1.4,3,5.9,1,1,Medium Risk
STU1718,56.2,25.0,5.05,21.5,68.2,1.9,1,6.3,2,2,High Risk
STU1719,58.2,85.8,6.94,36.3,98.0,3.2,3,10.2,0,1,Medium Risk
STU1720,47.1,79.6,8.72,64.0,37.9,2.6,2,5.1,0,1,Medium Risk
STU1721,85.9,67.2,8.2,58.9,85.3,3.7,0,7.9,2,0,Low Risk
STU1722,57.4,69.9,8.03,44.8,29.3,4.0,0,4.6,1,1,Medium Risk
STU1723,76.5,77.1,3.61,80.7,37.0,1.8,1,5.9,0,1,Medium Risk
STU1724,48.1,94.2,5.45,85.6,88.0,4.4,2,5.2,0,1,Medium Risk
STU1725,78.4,47.1,4.12,59.3,75.1,3.7,2,9.2,0,1,Medium Risk
STU1726,58.3,74.4,5.85,46.8,96.0,4.4,2,9.0,0,1,Medium Risk
STU1727,58.8,62.2,9.53,62.9,92.3,2.7,3,8.7,1,1,Medium Risk
STU1728,76.1,41.6,8.54,57.7,3.6,5.3,4,5.2,0,1,Medium Risk
STU1729,80.4,49.2,6.75,0.0,33.1,3.7,2,4.8,0,1,Medium Risk
STU1730,70.2,75.8,9.12,73.8,68.8,3.5,0,6.9,0,0,Low Risk
STU1731,49.5,47.1,8.54,78.9,91.9,1.9,0,5.9,0,1,Medium Risk
STU1732,82.5,66.9,6.81,65.0,78.1,3.1,1,6.8,1,0,Low Risk
STU1733,70.1,61.5,6.36,71.8,96.7,4.6,0,4.4,1,1,Medium Risk
STU1734,98.5,43.5,4.6,55.8,88.8,2.7,1,9.7,0,1,Medium Risk
STU1735,65.2,53.7,8.29,85.8,78.8,2.4,1,6.9,1,1,Medium Risk
STU1736,92.2,84.8,7.47,72.5,59.5,2.0,0,7.2,1,0,Low Risk
STU1737,89.9,68.8,5.86,78.5,55.5,7.1,3,6.1,0,1,Medium Risk
STU1738,95.8,30.1,7.22,80.5,61.3,3.1,0,7.0,0,1,Medium Risk
STU1739,44.2,78.1,5.05,68.7,50.9,3.1,2,7.0,0,1,Medium Risk
STU1740,47.3,86.6,4.35,53.4,100.0,2.3,5,4.5,3,1,Medium Risk
STU1741,67.4,75.7,5.15,83.7,85.8,0.1,0,6.3,2,1,Medium Risk
STU1742,90.5,79.7,6.23,22.7,75.4,4.6,2,7.5,0,1,Medium Risk
STU1743,83.2,70.8,8.39,39.1,76.0,3.9,5,8.9,0,1,Medium Risk
STU1744,76.4,100.0,7.6,25.0,88.9,2.0,0,5.8,1,0,Low Risk
STU1745,82.6,11.1,8.09,62.4,89.0,4.7,0,8.0,0,1,Medium Risk
STU1746,67.4,82.8,5.29,88.6,86.4,5.7,0,9.9,0,0,Low Risk
STU1747,61.1,28.4,5.46,74.3,89.5,2.4,1,7.1,0,1,Medium Risk
STU1748,57.2,80.8,9.06,39.1,86.6,0.4,0,7.2,0,1,Medium Risk
STU1749,78.5,51.7,6.98,49.3,71.0,3.6,0,7.0,1,1,Medium Risk
STU1750,59.4,38.0,5.71,83.1,96.2,0.9,0,7.7,0,1,Medium Risk
STU1751,80.2,36.7,7.01,75.0,87.1,3.1,0,7.9,2,1,Medium Risk
STU1752,71.8,76.4,6.15,67.3,82.9,2.9,0,7.5,0,1,Medium Risk
STU1753,87.6,76.6,8.34,66.3,58.4,0.6,2,3.7,2,1,Medium Risk
STU1754,54.3,39.6,6.8,66.4,61.4,3.1,1,6.0,1,1,Medium Risk
STU1755,28.1,73.0,6.49,44.5,92.2,2.2,0,4.3,1,1,Medium Risk
STU1756,58.5,82.0,8.6,83.5,91.5,5.2,2,6.9,0,0,Low Risk
STU1757,91.1,26.4,7.58,44.3,73.2,3.9,0,6.7,1,1,Medium Risk
STU1758,66.0,43.2,7.09,85.5,94.5,2.7,0,8.7,0,1,Medium Risk
STU1759,50.0,67.9,5.81,52.2,77.9,3.2,2,7.5,0,1,Medium Risk
STU1760,31.0,22.8,7.52,51.6,98.9,0.8,1,7.8,3,2,High Risk
STU1761,43.8,79.2,5.77,37.4,73.5,3.8,0,6.9,0,1,Medium Risk
STU1762,69.5,51.8,8.45,41.1,91.4,0.9,0,7.6,1,1,Medium Risk
STU1763,30.2,55.7,9.15,26.1,87.4,3.7,1,5.9,4,1,Medium Risk
STU1764,50.5,68.4,5.61,48.1,89.9,1.5,0,6.8,1,1,Medium Risk
STU1765,82.3,56.7,7.0,60.6,27.0,4.3,2,5.5,0,1,Medium Risk
STU1766,61.1,33.2,6.92,83.0,92.7,2.2,0,7.5,1,1,Medium Risk
STU1767,66.6,56.5,9.06,38.8,65.2,1.1,5,7.2,3,1,Medium Risk
STU1768,94.6,81.9,4.32,35.9,66.2,1.3,4,9.7,0,1,Medium Risk
STU1769,59.2,82.8,7.64,17.7,96.2,5.2,1,7.0,0,1,Medium Risk
STU1770,78.0,61.4,4.4,94.4,82.6,2.5,1,7.4,0,0,Low Risk
STU1771,84.6,83.2,9.56,80.7,65.3,2.2,2,7.3,0,0,Low Risk
STU1772,77.2,20.0,7.02,73.4,81.1,1.0,2,5.6,1,1,Medium Risk
STU1773,73.5,72.3,8.33,44.1,91.9,3.8,3,8.1,2,1,Medium Risk
STU1774,79.1,49.1,6.65,66.2,99.5,2.6,0,7.5,1,1,Medium Risk
STU1775,70.4,34.6,6.84,10.4,27.9,3.0,2,4.8,1,2,High Risk
STU1776,67.7,79.6,5.56,82.3,81.6,2.3,0,9.0,1,1,Medium Risk
STU1777,58.6,70.6,5.38,94.4,48.9,4.6,0,8.5,0,1,Medium Risk
STU1778,67.7,27.4,7.56,63.1,69.0,1.7,0,9.9,0,1,Medium Risk
STU1779,82.3,80.2,5.26,65.8,95.9,4.7,0,9.5,0,0,Low Risk
STU1780,49.9,57.5,1.88,76.0,76.6,3.0,0,5.3,1,1,Medium Risk
STU1781,86.5,62.7,7.87,69.3,59.0,4.2,0,4.8,0,1,Medium Risk
STU1782,64.2,79.8,7.9,39.3,77.0,0.0,0,7.4,2,1,Medium Risk
STU1783,46.3,60.8,4.06,78.2,70.1,5.4,1,5.3,0,1,Medium Risk
STU1784,63.3,75.7,2.98,72.6,94.3,1.7,1,6.7,1,1,Medium Risk
STU1785,89.0,44.3,2.64,47.1,58.6,4.6,0,5.4,0,1,Medium Risk
STU1786,54.7,68.7,5.0,74.8,67.5,3.0,1,8.2,0,1,Medium Risk
STU1787,97.2,45.3,5.67,76.3,95.1,2.2,3,9.2,1,1,Medium Risk
STU1788,83.8,33.1,8.61,88.8,79.7,4.5,1,9.1,0,1,Medium Risk
STU1789,76.5,63.7,5.12,83.5,60.7,2.5,0,3.7,0,1,Medium Risk
STU1790,73.8,4.7,6.06,57.3,65.2,3.4,0,7.1,0,1,Medium Risk
STU1791,87.0,75.8,5.12,81.1,65.2,3.0,0,6.5,0,0,Low Risk
STU1792,82.8,55.9,8.2,33.4,55.0,0.0,0,8.6,0,1,Medium Risk
STU1793,44.1,45.8,4.42,100.0,95.9,1.2,2,8.5,0,1,Medium Risk
STU1794,68.3,36.1,5.98,44.1,86.1,5.0,0,6.2,0,1,Medium Risk
STU1795,71.1,32.8,4.88,67.3,76.2,2.1,2,3.0,4,1,Medium Risk
STU1796,79.2,66.6,3.72,12.6,67.3,4.7,0,7.4,4,1,Medium Risk
STU1797,87.3,68.3,6.49,83.7,77.0,4.0,0,8.7,0,0,Low Risk
STU1798,81.1,51.8,6.28,51.8,96.8,2.5,0,8.2,0,1,Medium Risk
STU1799,44.6,45.4,9.45,79.2,82.3,3.4,0,6.3,2,0,Low Risk
STU1800,51.8,2.1,5.09,82.9,77.0,2.3,5,7.4,0,2,High Risk
STU1801,30.7,65.5,6.08,72.4,69.4,3.7,2,7.5,0,1,Medium Risk
STU1802,82.7,68.0,8.38,84.2,77.1,3.0,0,6.4,0,0,Low Risk
STU1803,38.5,75.5,8.36,76.2,48.0,1.1,0,6.3,0,1,Medium Risk
STU1804,33.7,57.4,6.26,70.9,82.0,3.3,0,7.0,3,1,Medium Risk
STU1805,65.6,73.2,8.48,81.7,84.7,1.9,1,6.1,0,1,Medium Risk
STU1806,51.0,78.4,8.37,44.6,100.0,1.4,1,6.9,1,1,Medium Risk
STU1807,71.5,81.9,9.06,74.9,47.1,2.7,1,8.1,1,1,Medium Risk
STU1808,85.4,76.8,6.78,61.3,49.5,1.2,1,6.6,0,1,Medium Risk
STU1809,41.6,34.4,7.99,71.2,77.8,2.4,0,7.5,2,1,Medium Risk
STU1810,57.5,80.8,6.68,78.6,69.9,3.0,1,4.7,0,1,Medium Risk
STU1811,84.0,45.5,5.98,66.7,98.3,1.1,2,7.7,0,1,Medium Risk
STU1812,56.4,37.0,6.29,72.5,69.6,4.5,0,7.4,0,1,Medium Risk
STU1813,79.3,40.9,4.49,97.3,48.7,3.9,3,5.9,0,1,Medium Risk
STU1814,89.7,77.6,7.84,57.5,95.1,3.1,0,6.3,0,0,Low Risk
STU1815,83.0,44.2,7.64,32.1,97.6,2.3,4,6.6,0,1,Medium Risk
STU1816,69.0,25.5,7.87,79.8,0.0,1.6,1,6.4,1,1,Medium Risk
STU1817,75.1,63.7,8.43,59.8,83.7,1.3,0,6.4,0,1,Medium Risk
STU1818,63.2,66.7,6.57,61.1,40.5,1.4,0,8.2,0,1,Medium Risk
STU1819,75.8,60.3,7.36,62.4,66.8,4.8,1,6.6,0,1,Medium Risk
STU1820,58.4,57.1,7.41,62.2,49.5,2.0,3,7.8,1,1,Medium Risk
STU1821,87.2,20.4,2.7,83.5,46.3,4.4,3,7.8,2,1,Medium Risk
STU1822,60.8,86.2,5.09,86.4,78.7,2.8,3,8.3,1,1,Medium Risk
STU1823,81.8,78.0,6.43,77.6,52.6,1.9,4,8.4,0,1,Medium Risk
STU1824,56.9,66.0,6.77,79.8,89.3,3.2,2,6.6,3,1,Medium Risk
STU1825,90.6,63.8,7.85,59.7,77.5,1.8,1,7.9,1,1,Medium Risk
STU1826,71.7,77.9,7.93,39.8,69.7,4.7,0,5.8,0,0,Low Risk
STU1827,50.7,76.8,4.12,72.5,65.5,3.8,1,7.0,0,1,Medium Risk
STU1828,78.6,86.5,8.31,51.8,88.1,2.1,0,8.3,0,1,Medium Risk
STU1829,72.5,20.2,6.65,69.2,64.5,4.2,1,6.7,0,1,Medium Risk
STU1830,79.3,83.1,5.87,31.7,36.0,2.8,0,8.4,3,1,Medium Risk
STU1831,58.0,57.6,5.4,62.0,89.8,1.0,0,7.7,1,1,Medium Risk
STU1832,61.9,39.7,7.98,61.4,48.2,2.2,0,8.2,0,1,Medium Risk
STU1833,71.6,83.6,8.88,82.3,53.6,5.4,3,10.6,2,0,Low Risk
STU1834,63.2,55.5,5.3,83.0,30.6,0.0,2,5.3,2,1,Medium Risk
STU1835,87.7,74.6,5.65,30.5,57.0,3.2,2,7.3,0,1,Medium Risk
STU1836,53.2,8.5,6.22,40.0,94.4,2.5,2,7.1,0,1,Medium Risk
STU1837,83.2,52.9,8.51,52.7,56.1,4.9,1,6.2,1,1,Medium Risk
STU1838,80.4,76.6,7.3,65.8,95.4,4.5,0,7.1,1,0,Low Risk
STU1839,58.4,72.6,6.85,25.2,86.9,4.1,0,4.3,1,1,Medium Risk
STU1840,79.4,60.5,5.58,50.6,53.1,3.1,0,7.3,0,1,Medium Risk
STU1841,80.6,45.1,7.56,41.7,64.6,3.2,1,7.3,0,1,Medium Risk
STU1842,87.8,76.9,7.6,72.2,49.1,3.9,1,6.0,0,1,Medium Risk
STU1843,69.7,86.0,4.76,14.2,70.1,0.7,1,6.5,0,1,Medium Risk
STU1844,91.3,22.4,2.85,62.1,73.8,3.3,4,5.2,1,2,High Risk
STU1845,88.8,29.3,6.36,49.1,52.6,5.0,3,5.5,1,1,Medium Risk
STU1846,35.9,58.9,4.31,80.7,72.5,4.0,2,9.3,0,1,Medium Risk
STU1847,91.0,87.0,5.43,58.3,3.9,3.9,0,6.5,2,1,Medium Risk
STU1848,84.0,47.4,6.38,100.0,68.0,3.9,1,5.7,0,0,Low Risk
STU1849,87.9,89.3,4.41,77.6,57.5,3.2,1,9.3,0,1,Medium Risk
STU1850,62.0,59.7,8.35,64.9,65.9,2.9,1,6.6,0,1,Medium Risk
STU1851,59.3,69.8,8.62,78.2,66.4,3.9,0,6.9,1,1,Medium Risk
STU1852,69.4,53.5,5.91,77.1,100.0,3.9,0,3.4,0,1,Medium Risk
STU1853,82.8,64.9,5.66,64.9,72.2,4.3,2,7.4,1,1,Medium Risk
STU1854,94.3,81.9,6.97,82.4,63.7,2.7,0,5.9,0,1,Medium Risk
STU1855,78.8,46.4,7.41,47.1,92.4,3.3,2,7.5,0,1,Medium Risk
STU1856,73.5,68.9,5.98,73.5,97.4,4.4,3,6.3,0,1,Medium Risk
STU1857,45.3,42.8,6.45,26.9,65.5,3.7,3,5.3,0,2,High Risk
STU1858,1.9,64.9,5.03,24.7,48.5,3.4,0,4.2,0,2,High Risk
STU1859,91.1,26.6,6.03,89.7,91.4,4.2,0,8.0,0,1,Medium Risk
STU1860,72.4,77.6,8.5,29.3,65.5,0.0,4,7.4,4,1,Medium Risk
STU1861,58.1,55.6,7.5,38.4,94.3,3.5,0,8.6,0,0,Low Risk
STU1862,49.6,58.9,6.15,39.5,93.2,3.8,0,9.1,0,1,Medium Risk
STU1863,44.4,26.3,5.3,51.1,32.2,1.8,0,7.7,0,2,High Risk
STU1864,41.6,53.1,5.05,29.8,44.8,5.0,2,5.8,0,2,High Risk
STU1865,52.3,40.4,5.24,84.7,95.1,2.0,0,4.9,0,1,Medium Risk
STU1866,42.9,60.4,6.26,40.3,95.1,1.8,2,6.4,1,1,Medium Risk
STU1867,56.1,82.8,7.11,49.6,16.8,3.6,1,7.8,1,1,Medium Risk
STU1868,68.9,59.8,6.53,86.3,92.7,5.6,0,8.5,3,1,Medium Risk
STU1869,59.5,22.1,5.36,84.4,48.9,1.0,0,7.5,0,2,High Risk
STU1870,81.1,76.2,3.59,34.3,73.6,4.7,0,5.8,0,1,Medium Risk
STU1871,81.2,56.4,7.91,39.6,47.6,2.2,1,10.1,0,1,Medium Risk
STU1872,36.0,35.1,6.59,29.9,76.4,3.8,0,5.4,1,1,Medium Risk
STU1873,84.6,19.0,8.02,74.1,96.0,5.6,0,4.3,1,1,Medium Risk
STU1874,84.0,49.3,8.59,77.0,61.8,2.2,1,8.8,0,1,Medium Risk
STU1875,79.7,0.6,5.93,81.0,99.4,0.4,3,6.3,3,2,High Risk
STU1876,69.4,62.3,5.77,56.9,80.0,2.0,0,8.0,4,1,Medium Risk
STU1877,84.6,75.8,6.52,84.9,67.1,3.7,5,4.9,0,1,Medium Risk
STU1878,78.1,46.9,7.27,38.9,89.2,1.9,1,6.0,1,1,Medium Risk
STU1879,95.9,60.7,6.23,87.9,90.0,4.0,0,5.9,0,0,Low Risk
STU1880,44.6,26.4,7.61,79.0,37.3,2.8,3,7.3,0,1,Medium Risk
STU1881,68.1,74.3,4.59,83.0,90.2,3.7,0,4.8,4,1,Medium Risk
STU1882,70.2,45.5,7.59,90.8,93.2,1.2,0,7.3,1,0,Low Risk
STU1883,85.1,54.0,5.31,60.6,93.9,1.4,0,6.4,3,1,Medium Risk
STU1884,73.7,77.1,5.09,81.1,75.3,1.5,1,9.4,0,1,Medium Risk
STU1885,69.3,78.0,7.95,79.5,61.6,3.5,1,5.5,1,0,Low Risk
STU1886,100.0,44.4,6.48,51.5,95.1,0.7,1,7.2,1,1,Medium Risk
STU1887,87.7,35.7,5.73,86.2,84.4,2.6,0,6.6,1,1,Medium Risk
STU1888,68.6,82.6,8.08,81.1,92.4,2.7,2,6.9,0,0,Low Risk
STU1889,23.4,60.0,5.47,83.7,92.7,3.8,0,9.0,0,1,Medium Risk
STU1890,60.6,87.4,7.19,32.7,68.5,4.7,1,4.8,0,1,Medium Risk
STU1891,77.6,31.3,8.51,94.7,87.5,3.9,1,7.6,0,1,Medium Risk
STU1892,31.8,49.2,5.43,69.5,93.8,3.6,0,5.2,1,1,Medium Risk
STU1893,50.5,92.4,4.57,23.5,53.9,2.0,0,7.8,0,1,Medium Risk
STU1894,61.3,51.6,7.67,94.7,64.9,6.3,0,6.5,0,1,Medium Risk
STU1895,75.9,67.5,8.89,36.7,78.5,4.2,5,5.6,2,1,Medium Risk
STU1896,88.3,58.1,3.56,86.6,68.6,1.1,1,9.2,0,0,Low Risk
STU1897,66.7,36.7,8.0,72.8,15.8,3.6,3,6.4,2,1,Medium Risk
STU1898,84.8,21.3,8.76,67.4,50.9,2.3,4,6.4,0,0,Low Risk
STU1899,85.1,39.1,5.37,85.1,70.8,3.0,1,8.8,0,0,Low Risk
STU1900,64.4,63.4,7.96,90.3,33.6,2.5,0,5.7,0,1,Medium Risk
STU1901,62.9,65.1,5.28,84.0,93.3,3.3,5,6.0,0,1,Medium Risk
STU1902,85.3,56.8,5.39,51.9,44.6,0.5,2,7.5,2,1,Medium Risk
STU1903,90.7,19.1,4.68,37.6,100.0,3.7,2,6.6,1,1,Medium Risk
STU1904,69.9,92.4,6.97,49.1,34.2,3.3,2,5.7,0,1,Medium Risk
STU1905,43.9,69.3,7.69,84.5,91.8,4.2,0,10.2,2,1,Medium Risk
STU1906,48.4,79.5,6.79,88.6,47.1,4.6,3,7.0,0,1,Medium Risk
STU1907,67.8,67.1,7.47,69.7,94.1,2.2,0,8.4,0,0,Low Risk
STU1908,97.7,49.9,8.18,86.9,72.7,2.1,0,7.2,1,0,Low Risk
STU1909,99.8,41.4,3.75,56.0,53.8,6.1,3,6.4,1,1,Medium Risk
STU1910,88.9,71.3,8.36,56.5,31.0,2.4,2,7.5,0,1,Medium Risk
STU1911,45.3,56.3,4.21,75.0,38.8,1.7,2,6.0,1,1,Medium Risk
STU1912,92.7,47.8,6.98,58.4,67.5,0.0,0,9.7,1,1,Medium Risk
STU1913,65.7,58.9,7.89,91.7,100.0,2.8,1,8.7,0,1,Medium Risk
STU1914,72.6,59.6,5.44,89.7,69.9,2.7,0,5.7,2,1,Medium Risk
STU1915,76.7,92.4,6.98,85.9,64.9,4.0,0,7.9,0,0,Low Risk
STU1916,68.9,30.9,6.27,72.8,94.7,2.3,2,8.8,1,2,High Risk
STU1917,96.6,7.0,8.49,49.1,65.5,3.9,1,8.1,0,1,Medium Risk
STU1918,60.0,81.9,8.64,53.8,42.5,3.3,0,6.0,1,1,Medium Risk
STU1919,48.6,51.9,4.38,90.0,95.1,2.9,3,10.0,1,1,Medium Risk
STU1920,78.7,72.4,6.46,42.9,68.9,1.6,0,5.9,1,1,Medium Risk
STU1921,29.6,45.5,6.92,75.6,92.8,3.0,0,7.6,0,1,Medium Risk
STU1922,84.3,43.6,7.46,72.3,76.3,3.5,0,4.6,0,1,Medium Risk
STU1923,88.8,26.2,5.21,79.6,92.7,2.3,0,7.6,0,1,Medium Risk
STU1924,44.1,53.4,5.42,74.5,83.2,3.1,4,7.8,2,1,Medium Risk
STU1925,30.0,43.0,7.43,86.9,87.1,4.6,3,5.1,0,2,High Risk
STU1926,73.1,74.5,8.1,71.7,67.4,2.6,0,7.3,0,0,Low Risk
STU1927,80.8,36.5,8.21,93.0,74.2,2.9,0,7.7,0,0,Low Risk
STU1928,76.9,81.3,8.85,39.4,86.7,6.0,0,5.1,0,0,Low Risk
STU1929,94.0,51.0,6.72,74.5,62.3,5.4,2,6.7,0,1,Medium Risk
STU1930,68.0,38.9,5.32,33.4,92.9,1.6,2,4.7,0,1,Medium Risk
STU1931,44.7,42.5,4.82,83.7,88.3,2.8,0,9.5,0,1,Medium Risk
STU1932,30.6,50.4,6.87,91.0,54.6,4.7,1,7.4,1,1,Medium Risk
STU1933,72.8,82.7,7.54,70.2,61.9,4.7,0,6.6,1,0,Low Risk
STU1934,43.4,77.5,9.06,56.2,91.8,0.0,0,6.6,0,0,Low Risk
STU1935,85.2,52.0,4.67,78.3,89.3,3.4,2,8.6,0,1,Medium Risk
STU1936,83.3,76.3,9.76,77.8,87.1,3.4,1,8.6,0,1,Medium Risk
STU1937,33.8,30.1,3.11,75.3,54.7,0.4,1,6.1,0,2,High Risk
STU1938,70.7,36.3,4.86,44.8,70.0,4.3,1,10.2,2,1,Medium Risk
STU1939,71.9,64.0,4.73,77.3,55.6,4.5,1,6.4,0,1,Medium Risk
STU1940,71.4,54.4,4.84,57.4,80.4,5.0,0,8.4,1,1,Medium Risk
STU1941,40.9,11.2,4.94,54.8,55.5,1.9,0,9.3,1,1,Medium Risk
STU1942,43.8,89.7,6.01,68.1,90.4,2.4,1,7.1,1,1,Medium Risk
STU1943,79.3,48.2,8.22,72.9,9.5,1.0,0,8.7,4,1,Medium Risk
STU1944,72.7,74.7,8.21,84.4,90.2,4.4,3,8.8,1,1,Medium Risk
STU1945,86.7,70.6,7.01,39.4,86.9,1.5,3,10.3,0,1,Medium Risk
STU1946,46.3,53.1,7.66,48.2,94.4,4.5,0,8.1,1,1,Medium Risk
STU1947,54.8,87.9,5.51,91.6,100.0,2.3,2,5.5,0,1,Medium Risk
STU1948,84.3,69.9,8.14,71.7,39.0,1.9,1,7.8,2,1,Medium Risk
STU1949,53.8,44.4,6.12,11.9,20.1,3.9,1,7.7,0,2,High Risk
STU1950,91.1,53.2,8.8,62.4,42.3,5.4,1,6.3,1,0,Low Risk
STU1951,16.8,44.5,8.51,69.5,28.9,2.8,0,11.8,0,2,High Risk
STU1952,35.2,75.5,5.53,61.0,97.8,1.2,2,6.9,0,1,Medium Risk
STU1953,65.6,27.1,5.96,67.5,66.0,4.0,1,7.0,0,1,Medium Risk
STU1954,85.4,66.5,7.22,65.5,73.0,2.4,0,7.3,1,1,Medium Risk
STU1955,64.7,85.9,9.13,69.2,68.8,3.9,3,9.8,1,0,Low Risk
STU1956,61.3,59.9,8.18,55.3,96.7,1.0,0,7.9,1,1,Medium Risk
STU1957,77.3,52.2,7.33,80.8,83.7,2.5,0,8.0,2,0,Low Risk
STU1958,93.7,77.9,5.2,90.8,34.2,3.1,1,7.4,1,1,Medium Risk
STU1959,72.3,70.7,3.84,62.3,71.6,0.5,0,9.0,0,1,Medium Risk
STU1960,93.8,39.5,6.2,57.0,37.1,0.2,2,8.1,1,1,Medium Risk
STU1961,76.2,82.5,8.11,48.4,48.8,6.0,0,6.6,0,0,Low Risk
STU1962,27.1,70.7,4.81,70.1,98.0,0.0,1,5.5,0,1,Medium Risk
STU1963,98.4,40.8,5.31,66.8,83.9,2.6,2,6.2,0,1,Medium Risk
STU1964,75.5,56.9,8.22,79.0,97.7,2.8,1,7.8,0,1,Medium Risk
STU1965,56.7,52.0,7.47,43.7,74.7,1.8,1,7.7,0,1,Medium Risk
STU1966,85.1,69.0,8.02,71.7,63.9,1.1,2,6.1,0,1,Medium Risk
STU1967,94.1,71.5,7.66,49.2,89.5,0.6,0,9.5,0,0,Low Risk
STU1968,84.8,50.9,7.43,77.9,66.2,3.5,1,7.8,0,1,Medium Risk
STU1969,55.8,63.6,7.54,33.4,54.5,1.5,0,4.4,2,2,High Risk
STU1970,41.6,51.6,6.64,39.4,59.3,4.3,2,6.9,0,1,Medium Risk
STU1971,89.2,39.4,8.21,83.6,86.8,5.7,0,10.8,0,0,Low Risk
STU1972,34.6,41.4,8.58,74.6,58.5,2.6,1,8.4,3,1,Medium Risk
STU1973,93.7,84.3,4.27,89.4,97.2,0.0,0,6.1,2,0,Low Risk
STU1974,54.8,53.0,7.62,78.1,96.5,1.8,0,8.3,1,1,Medium Risk
STU1975,85.7,75.5,8.84,83.8,51.3,5.2,2,7.8,0,1,Medium Risk
STU1976,89.8,83.4,8.33,73.7,82.5,4.4,3,4.0,1,0,Low Risk
STU1977,91.7,62.6,6.82,82.4,69.8,1.8,2,8.1,0,1,Medium Risk
STU1978,28.4,21.4,6.39,76.6,65.9,1.0,2,7.9,0,1,Medium Risk
STU1979,97.7,72.2,9.34,87.3,93.0,2.4,2,8.6,3,0,Low Risk
STU1980,91.9,81.4,5.99,73.4,97.2,0.0,4,6.4,0,1,Medium Risk
STU1981,87.9,94.8,8.97,18.5,91.2,1.7,0,7.8,0,0,Low Risk
STU1982,57.5,68.7,6.93,70.1,84.0,1.4,1,6.6,0,0,Low Risk
STU1983,53.3,80.4,6.94,56.1,29.0,2.5,1,9.0,4,1,Medium Risk
STU1984,83.5,75.9,7.33,89.0,83.0,3.9,3,3.6,0,0,Low Risk
STU1985,40.8,83.9,9.39,30.0,61.0,2.5,0,11.8,4,1,Medium Risk
STU1986,41.1,63.1,8.41,27.2,62.5,2.6,1,7.6,1,1,Medium Risk
STU1987,76.7,68.9,8.38,44.0,85.3,2.1,1,5.2,0,1,Medium Risk
STU1988,73.9,48.0,6.15,45.0,58.6,3.3,0,9.9,0,1,Medium Risk
STU1989,35.3,65.8,7.33,79.4,85.8,1.8,3,8.6,0,1,Medium Risk
STU1990,44.7,53.8,6.38,87.6,77.9,3.7,2,4.0,0,1,Medium Risk
STU1991,56.2,68.7,4.77,34.1,72.8,2.7,0,7.4,0,1,Medium Risk
STU1992,61.3,50.9,8.03,63.9,36.4,2.6,0,8.1,0,1,Medium Risk
STU1993,87.5,56.3,5.37,43.8,11.0,4.6,1,8.5,1,1,Medium Risk
STU1994,92.3,27.2,7.91,77.6,56.1,3.2,0,8.4,3,1,Medium Risk
STU1995,93.8,85.8,8.51,20.2,97.2,2.0,1,5.5,0,1,Medium Risk
STU1996,56.7,32.1,5.28,18.9,73.9,1.4,2,4.6,0,2,High Risk
STU1997,100.0,71.0,8.52,52.1,81.9,2.7,1,10.5,0,0,Low Risk
STU1998,29.1,51.2,4.37,78.9,88.5,2.8,0,5.9,0,1,Medium Risk
STU1999,63.3,78.0,8.46,41.6,87.5,5.0,1,6.0,0,1,Medium Risk
STU2000,79.7,43.9,8.83,89.7,65.0,3.6,2,7.6,0,0,Low Risk
